{"stats":{"minecraft:broken":{"minecraft:iron_pickaxe":1},"minecraft:crafted":{"minecraft:oak_planks":24,"minecraft:iron_helmet":1,"minecraft:iron_sword":1,"minecraft:iron_boots":1,"minecraft:iron_chestplate":1,"minecraft:shield":1,"minecraft:stick":4,"minecraft:iron_pickaxe":1,"minecraft:chest":1,"minecraft:iron_leggings":2,"minecraft:gray_bed":1},"minecraft:killed":{"minecraft:spider":4,"solo_leveling:goblin_2":35,"minecraft:creeper":6,"minecraft:skeleton":9,"minecraft:zombie":15,"solo_leveling:hobgoblin_assassin":2,"solo_leveling:goblin":31,"solo_leveling:spider_boss":1,"solo_leveling:boss_golem":4,"solo_leveling:hobgoblin_bomber":1},"minecraft:custom":{"minecraft:mob_kills":139,"minecraft:interact_with_crafting_table":9,"minecraft:bell_ring":11,"minecraft:leave_game":5,"minecraft:time_since_death":32824,"minecraft:sleep_in_bed":3,"minecraft:climb_one_cm":862,"minecraft:time_since_rest":32848,"minecraft:sprint_one_cm":550566,"minecraft:walk_one_cm":1203131,"minecraft:drop":12,"minecraft:damage_dealt":13127,"minecraft:swim_one_cm":8091,"minecraft:fly_one_cm":131660,"minecraft:play_time":262481,"minecraft:open_chest":135,"minecraft:walk_under_water_one_cm":2985,"minecraft:crouch_one_cm":1247,"minecraft:sneak_time":670,"minecraft:deaths":3,"minecraft:jump":1013,"minecraft:walk_on_water_one_cm":12093,"minecraft:total_world_time":262481,"minecraft:fall_one_cm":21117},"minecraft:used":{"sophisticatedbackpacks:iron_backpack":3,"minecraft:chest":1,"minecraft:shield":1,"minecraft:iron_sword":106,"minecraft:iron_chestplate":1,"minecraft:torch":42,"minecraft:dirt":3,"minecraft:granite":4,"minecraft:axolotl_bucket":1,"minecraft:bread":59,"minecraft:iron_pickaxe":306,"minecraft:iron_helmet":1,"solo_leveling:knight_killer":117,"minecraft:iron_boots":1,"minecraft:cobblestone":63,"minecraft:diamond_chestplate":1,"minecraft:cooked_porkchop":6,"minecraft:gray_bed":1,"minecraft:andesite":1,"minecraft:bucket":1,"minecraft:chest_minecart":1,"minecraft:egg":2,"minecraft:potato":3,"minecraft:cobbled_deepslate":6,"solo_leveling:silver_spear":149,"minecraft:iron_leggings":1},"minecraft:killed_by":{"solo_leveling:hobgoblin_bomber":2},"minecraft:picked_up":{"minecraft:iron_chestplate":1,"solo_leveling:reaper":5,"minecraft:chest_minecart":2,"minecraft:clay_ball":52,"minecraft:water_bucket":1,"minecraft:andesite":1,"minecraft:potato":20,"solo_leveling:dragon_armor_chestplate":3,"minecraft:flint":2,"minecraft:oak_log":6,"minecraft:shield":2,"minecraft:gunpowder":4,"solo_leveling:magic_crystal":115,"minecraft:string":6,"minecraft:dirt":38,"minecraft:raw_copper":20,"minecraft:name_tag":3,"minecraft:iron_leggings":3,"solo_leveling:silver_spear":2,"minecraft:bone":12,"minecraft:wheat_seeds":2,"minecraft:cobbled_deepslate":18,"minecraft:detector_rail":3,"minecraft:iron_pickaxe":4,"minecraft:sugar_cane":230,"minecraft:moss_block":2,"minecraft:iron_sword":5,"minecraft:oak_planks":16,"minecraft:iron_boots":4,"minecraft:egg":2,"minecraft:stick":12,"minecraft:torch":350,"minecraft:axolotl_bucket":1,"minecraft:gravel":1,"minecraft:sand":2,"sophisticatedbackpacks:iron_backpack":2,"minecraft:diorite":7,"minecraft:spider_eye":1,"minecraft:dark_oak_planks":10,"solo_leveling:dragon_armor_leggings":1,"minecraft:pumpkin_seeds":10,"minecraft:arrow":37,"minecraft:diamond_chestplate":1,"minecraft:rotten_flesh":16,"minecraft:beetroot_seeds":4,"minecraft:tropical_fish":2,"solo_leveling:magic_crystalll":198,"minecraft:iron_helmet":4,"minecraft:granite":21,"minecraft:bread":34,"minecraft:glow_berries":2,"minecraft:coal":3,"minecraft:cobblestone":185},"minecraft:dropped":{"minecraft:raw_copper":10,"solo_leveling:magic_crystalll":2,"minecraft:glow_berries":1,"minecraft:pumpkin_seeds":5,"solo_leveling:reaper":1,"minecraft:arrow":8,"minecraft:sand":1},"minecraft:mined":{"minecraft:podzol":1,"minecraft:clay":12,"minecraft:cave_vines_plant":1,"minecraft:granite":21,"minecraft:grass_block":5,"minecraft:tall_grass":2,"minecraft:copper_ore":2,"minecraft:cobblestone":7,"minecraft:spruce_leaves":2,"minecraft:moss_block":2,"minecraft:sugar_cane":116,"minecraft:diorite":7,"minecraft:large_fern":2,"minecraft:andesite":1,"minecraft:grass":7,"minecraft:oak_log":6,"minecraft:coal_ore":3,"minecraft:vine":1,"solo_leveling:magic_crystal":100,"minecraft:sand":1,"minecraft:dirt":16,"minecraft:stone":134,"minecraft:deepslate":18}},"DataVersion":3465}