{"stats":{"minecraft:broken":{"minecraft:iron_pickaxe":7},"minecraft:crafted":{"minecraft:oak_planks":24,"minecraft:hopper":3,"minecraft:bow":4,"minecraft:iron_boots":1,"minecraft:chest":7,"minecraft:gray_bed":1,"minecraft:crafting_table":1,"minecraft:iron_helmet":1,"minecraft:dispenser":1,"minecraft:iron_chestplate":1,"minecraft:shield":1,"minecraft:stick":4,"minecraft:iron_pickaxe":1,"minecraft:gold_ingot":13,"minecraft:golden_carrot":10,"minecraft:furnace":1,"solo_leveling:querry":1,"solo_leveling:trader_block":1,"solo_leveling:magic_generator":1,"minecraft:dark_oak_planks":288,"sophisticatedbackpacks:iron_backpack":1,"minecraft:cooked_beef":2,"minecraft:iron_trapdoor":1,"minecraft:enchanting_table":1,"minecraft:iron_sword":1,"sophisticatedbackpacks:gold_backpack":2,"minecraft:air":0,"minecraft:gold_nugget":81,"minecraft:iron_leggings":2,"solo_leveling:energy_bank":1,"minecraft:lapis_block":1},"minecraft:killed":{"minecraft:zombified_piglin":5,"minecraft:spider":18,"minecraft:skeleton":41,"solo_leveling:hobgoblin_assassin":14,"solo_leveling:spider_boss":6,"solo_leveling:boss_golem":6,"solo_leveling:hobgoblin_bomber":13,"minecraft:piglin_brute":6,"solo_leveling:golem":126,"minecraft:magma_cube":5,"solo_leveling:giga_goblin":4,"minecraft:piglin":8,"minecraft:pig":2,"solo_leveling:ice_bear":4,"solo_leveling:steel_fang":56,"minecraft:zombie_villager":2,"solo_leveling:goblin_2":65,"minecraft:creeper":33,"minecraft:sheep":2,"minecraft:trader_llama":1,"minecraft:pillager":5,"minecraft:zombie":69,"solo_leveling:goblin":63,"minecraft:cow":9,"minecraft:blaze":16,"solo_leveling:hobgoblin_club":10,"solo_leveling:igris":1,"minecraft:drowned":8,"minecraft:wandering_trader":1,"minecraft:hoglin":11,"solo_leveling:serpent":4,"minecraft:wither_skeleton":8,"minecraft:enderman":13},"minecraft:custom":{"minecraft:animals_bred":1,"minecraft:interact_with_crafting_table":36,"minecraft:bell_ring":58,"minecraft:leave_game":19,"minecraft:time_since_death":76362,"minecraft:sprint_one_cm":3493411,"minecraft:damage_blocked_by_shield":45,"minecraft:drop":129,"minecraft:talked_to_villager":1,"minecraft:play_time":1211877,"minecraft:deaths":30,"minecraft:jump":7775,"minecraft:interact_with_brewingstand":2,"minecraft:walk_on_water_one_cm":47931,"minecraft:enchant_item":12,"minecraft:interact_with_furnace":9,"minecraft:sleep_in_bed":17,"minecraft:damage_dealt":112519,"minecraft:player_kills":1,"minecraft:crouch_one_cm":54534,"minecraft:interact_with_anvil":13,"minecraft:mob_kills":1106,"minecraft:climb_one_cm":2948,"minecraft:walk_one_cm":6480000,"minecraft:sneak_time":12577,"minecraft:walk_under_water_one_cm":35554,"minecraft:boat_one_cm":105629,"minecraft:interact_with_blast_furnace":1,"minecraft:total_world_time":1211877,"minecraft:interact_with_stonecutter":3,"minecraft:time_since_rest":76431,"minecraft:swim_one_cm":260441,"minecraft:fly_one_cm":1318080,"minecraft:open_chest":373,"minecraft:fall_one_cm":226107},"minecraft:used":{"minecraft:chest":5,"minecraft:shield":5,"minecraft:iron_sword":117,"solo_leveling:dragon_armor_helmet":3,"minecraft:iron_chestplate":1,"solo_leveling:dragon_armor_leggings":1,"minecraft:carrot":33,"solo_leveling:energy_meter":4,"minecraft:axolotl_bucket":1,"minecraft:iron_helmet":1,"solo_leveling:baruka_dagger":1,"minecraft:magma_block":2,"minecraft:bow":219,"solo_leveling:querry":7,"minecraft:gray_bed":2,"minecraft:egg":2,"minecraft:potato":55,"minecraft:dark_oak_sign":1,"minecraft:golden_apple":1,"minecraft:sand":33,"minecraft:crossbow":2,"minecraft:bread":369,"solo_leveling:knight_killer":1052,"solo_leveling:energy_bank":4,"minecraft:andesite":1,"minecraft:chest_minecart":2,"minecraft:coarse_dirt":1,"solo_leveling:large_axe":27,"sophisticatedbackpacks:iron_backpack":3,"minecraft:enchanting_table":1,"solo_leveling:magic_generator":7,"minecraft:netherrack":227,"solo_leveling:dragon_armor_chestplate":3,"minecraft:torch":42,"minecraft:brewing_stand":1,"minecraft:dirt":3,"minecraft:white_carpet":2,"minecraft:granite":4,"minecraft:dark_oak_planks":51,"minecraft:bookshelf":11,"solo_leveling:rasaka_venom":100,"minecraft:iron_boots":1,"minecraft:diamond_chestplate":2,"minecraft:basalt":9,"minecraft:golden_carrot":8,"minecraft:cooked_beef":1,"minecraft:cobbled_deepslate":106,"solo_leveling:silver_spear":1676,"sophisticatedbackpacks:gold_backpack":1,"minecraft:iron_leggings":1,"minecraft:wheat_seeds":1,"minecraft:water_bucket":2,"minecraft:rail":5,"minecraft:crafting_table":1,"minecraft:spruce_log":6,"minecraft:diamond_pickaxe":6,"solo_leveling:reaper":4,"minecraft:iron_pickaxe":1943,"minecraft:stone_axe":36,"minecraft:cobblestone":82,"minecraft:purple_bed":3,"minecraft:cooked_porkchop":6,"minecraft:bucket":3,"solo_leveling:trader_block":5,"solo_leveling:dragon_armor_boots":1},"minecraft:killed_by":{"solo_leveling:hobgoblin_bomber":2,"minecraft:zombie":1},"minecraft:picked_up":{"minecraft:iron_chestplate":1,"minecraft:wheat":18,"minecraft:nether_brick_fence":1,"minecraft:lead":1,"solo_leveling:magic_staff":3,"minecraft:brewing_stand":1,"solo_leveling:magic_crystal":199,"minecraft:string":36,"minecraft:raw_copper":20,"solo_leveling:health_necklace":3,"minecraft:iron_leggings":8,"solo_leveling:silver_spear":13,"minecraft:gold_nugget":40,"minecraft:cobbled_deepslate":142,"minecraft:spruce_planks":1,"minecraft:azalea":1,"minecraft:iron_pickaxe":17,"minecraft:iron_boots":5,"minecraft:golden_helmet":1,"solo_leveling:energy_meter":2,"minecraft:stick":12,"minecraft:torch":383,"minecraft:porkchop":28,"minecraft:diorite":7,"minecraft:stone_sword":1,"solo_leveling:dark_bow":4,"minecraft:rotten_flesh":117,"minecraft:tropical_fish":2,"solo_leveling:magic_crystalll":1204,"solo_leveling:rasaka_venom":7,"solo_leveling:iron_shield":4,"minecraft:blaze_rod":22,"solo_leveling:large_axe":7,"minecraft:obsidian":4,"solo_leveling:baruka_dagger":1,"minecraft:cobblestone":330,"minecraft:magma_block":2,"solo_leveling:protection_amulet":6,"minecraft:andesite":1,"minecraft:water_bucket":2,"minecraft:potato":27,"minecraft:flint":3,"minecraft:tuff":3,"minecraft:wither_skeleton_skull":1,"minecraft:lapis_lazuli":9,"minecraft:dirt":71,"minecraft:name_tag":3,"minecraft:bone":87,"minecraft:bow":9,"minecraft:wheat_seeds":91,"minecraft:raw_gold":2,"minecraft:dark_oak_sign":2,"solo_leveling:dragon_armor_boots":3,"solo_leveling:rune_stone":2,"minecraft:moss_block":6,"minecraft:oak_planks":17,"solo_leveling:magic_generator":7,"minecraft:warped_wart_block":1,"minecraft:axolotl_bucket":1,"minecraft:jungle_planks":2,"minecraft:sand":94,"minecraft:nether_brick_stairs":1,"sophisticatedbackpacks:iron_backpack":2,"minecraft:grass_block":4,"minecraft:dark_oak_log":1,"minecraft:diamond":7,"minecraft:cracked_polished_blackstone_bricks":14,"minecraft:crossbow":1,"minecraft:granite":33,"minecraft:bone_meal":1,"minecraft:golden_apple":2,"minecraft:bread":123,"minecraft:netherrack":327,"minecraft:diamond_pickaxe":1,"sophisticatedbackpacks:gold_backpack":10,"minecraft:coarse_dirt":4,"solo_leveling:reaper":15,"minecraft:azure_bluet":6,"minecraft:nether_wart":10,"minecraft:clay_ball":100,"minecraft:chest_minecart":2,"minecraft:brown_mushroom":1,"minecraft:gold_block":13,"solo_leveling:dragon_armor_chestplate":8,"minecraft:shield":2,"minecraft:white_carpet":2,"minecraft:iron_shovel":2,"minecraft:blackstone":8,"solo_leveling:querry":6,"minecraft:detector_rail":3,"minecraft:beef":21,"minecraft:poppy":1,"minecraft:chest":2,"minecraft:sugar_cane":230,"minecraft:egg":5,"solo_leveling:strength_necklace":7,"minecraft:raw_iron":2,"minecraft:sandstone":7,"minecraft:polished_blackstone_bricks":49,"minecraft:carrot":112,"minecraft:dark_oak_planks":31,"minecraft:diamond_chestplate":3,"minecraft:arrow":155,"minecraft:beetroot_seeds":4,"minecraft:jungle_stairs":2,"minecraft:nether_bricks":4,"sophisticatedbackpacks:copper_backpack":12,"minecraft:glow_berries":2,"minecraft:rail":5,"minecraft:bone_block":34,"minecraft:oxeye_daisy":2,"minecraft:air":0,"minecraft:basalt":32,"minecraft:leather":15,"minecraft:oak_log":6,"minecraft:gunpowder":28,"minecraft:white_banner":1,"minecraft:kelp":6,"minecraft:gray_bed":1,"minecraft:iron_sword":7,"minecraft:soul_sand":10,"minecraft:book":1,"minecraft:warped_fungus":1,"solo_leveling:trader_block":4,"minecraft:quartz":19,"minecraft:dandelion":10,"minecraft:gravel":22,"solo_leveling:necklace":6,"minecraft:spruce_sapling":4,"minecraft:soul_torch":83,"minecraft:spruce_log":17,"minecraft:crying_obsidian":3,"solo_leveling:energy_bank":4,"minecraft:spider_eye":9,"solo_leveling:dragon_armor_leggings":7,"minecraft:pumpkin_seeds":10,"minecraft:purple_bed":4,"minecraft:stone_axe":2,"solo_leveling:dragon_armor_helmet":6,"minecraft:iron_helmet":5,"minecraft:warped_roots":2,"solo_leveling:knight_killer":10,"minecraft:baked_potato":30,"minecraft:coal":3,"minecraft:ender_pearl":14},"minecraft:dropped":{"minecraft:nether_brick_stairs":1,"minecraft:iron_sword":3,"minecraft:soul_sand":10,"minecraft:moss_block":4,"minecraft:brown_mushroom":1,"minecraft:warped_fungus":1,"minecraft:baked_potato":15,"minecraft:diamond":3,"minecraft:glow_berries":1,"minecraft:leather":3,"sophisticatedbackpacks:gold_backpack":1,"solo_leveling:dragon_armor_helmet":1,"minecraft:dirt":30,"solo_leveling:dragon_armor_boots":1,"solo_leveling:reaper":3,"minecraft:sand":1,"minecraft:iron_pickaxe":4,"minecraft:gold_ingot":1,"minecraft:gravel":1,"minecraft:stone_axe":2,"minecraft:blackstone":8,"minecraft:cobbled_deepslate":29,"solo_leveling:energy_meter":2,"minecraft:obsidian":4,"minecraft:rotten_flesh":40,"solo_leveling:magic_crystalll":5,"minecraft:nether_brick_fence":1,"minecraft:azure_bluet":4,"minecraft:poppy":1,"solo_leveling:magic_crystal":1,"solo_leveling:dragon_armor_chestplate":1,"minecraft:basalt":23,"minecraft:arrow":13,"minecraft:warped_wart_block":1,"minecraft:crying_obsidian":3,"minecraft:netherrack":100,"minecraft:egg":3,"minecraft:water_bucket":1,"minecraft:bread":68,"solo_leveling:silver_spear":3,"minecraft:wheat_seeds":23,"minecraft:iron_helmet":1,"minecraft:cobblestone":18,"minecraft:granite":20,"minecraft:tropical_fish":2,"minecraft:grass_block":4,"minecraft:oxeye_daisy":2,"minecraft:diorite":7,"minecraft:torch":1,"minecraft:iron_leggings":2,"minecraft:iron_shovel":1,"minecraft:spruce_sapling":2,"minecraft:dandelion":10,"solo_leveling:knight_killer":1,"minecraft:soul_torch":14,"minecraft:coarse_dirt":3,"minecraft:dark_oak_sign":1,"minecraft:raw_copper":10,"minecraft:iron_boots":1,"minecraft:nether_bricks":4,"minecraft:pumpkin_seeds":5,"minecraft:diamond_chestplate":1,"minecraft:diamond_pickaxe":1,"minecraft:spider_eye":1,"minecraft:bow":1},"minecraft:mined":{"minecraft:dark_oak_planks":20,"minecraft:spruce_planks":1,"minecraft:brewing_stand":1,"minecraft:cave_vines_plant":1,"minecraft:granite":25,"minecraft:grass_block":10,"minecraft:cracked_polished_blackstone_bricks":17,"minecraft:nether_wart":10,"minecraft:spawner":1,"minecraft:polished_blackstone_bricks":43,"minecraft:weeping_vines_plant":1,"minecraft:magma_block":2,"minecraft:fire":7,"minecraft:fletching_table":1,"minecraft:deepslate_lapis_ore":1,"minecraft:nether_brick_stairs":1,"solo_leveling:magic_crystal":901,"solo_leveling:trader_block":4,"solo_leveling:querry":6,"minecraft:blackstone":24,"minecraft:crimson_nylium":13,"minecraft:clay":16,"minecraft:jungle_stairs":2,"minecraft:calcite":1,"minecraft:chest":2,"minecraft:nether_quartz_ore":20,"minecraft:cobblestone":7,"minecraft:sugar_cane":116,"solo_leveling:magic_generator":7,"minecraft:wall_torch":1,"minecraft:amethyst_block":1,"minecraft:warped_nylium":13,"minecraft:wheat":25,"minecraft:grass":60,"minecraft:oak_log":6,"minecraft:sand":21,"minecraft:dirt":29,"minecraft:netherrack":367,"minecraft:oak_leaves":7,"minecraft:deepslate":64,"minecraft:nether_gold_ore":8,"minecraft:tuff":2,"minecraft:deepslate_diamond_ore":5,"minecraft:nether_bricks":8,"minecraft:jungle_planks":2,"minecraft:crimson_roots":1,"minecraft:spruce_leaves":26,"minecraft:moss_block":3,"minecraft:sandstone":7,"minecraft:large_fern":8,"minecraft:carrots":32,"minecraft:andesite":1,"minecraft:gold_block":9,"minecraft:nether_brick_fence":1,"minecraft:deepslate_iron_ore":2,"minecraft:vine":1,"minecraft:rail":5,"minecraft:stone":218,"minecraft:bone_block":33,"minecraft:podzol":4,"minecraft:soul_sand":10,"minecraft:basalt":37,"minecraft:crafting_table":2,"minecraft:tall_grass":32,"minecraft:copper_ore":19,"minecraft:deepslate_gold_ore":2,"minecraft:diorite":7,"solo_leveling:energy_bank":4,"minecraft:warped_wart_block":1,"minecraft:purple_bed":5,"minecraft:coarse_dirt":5,"minecraft:cobblestone_wall":1,"minecraft:gray_bed":1,"minecraft:white_carpet":2,"minecraft:spruce_log":17,"minecraft:coal_ore":3,"minecraft:dark_oak_sign":2,"minecraft:gravel":9,"minecraft:cobweb":13,"minecraft:fern":1}},"DataVersion":3465}