{"stats":{"minecraft:picked_up":{"sophisticatedbackpacks:gold_backpack":5,"minecraft:iron_chestplate":1,"minecraft:coarse_dirt":4,"minecraft:wheat":18,"solo_leveling:reaper":12,"minecraft:azure_bluet":2,"minecraft:clay_ball":52,"minecraft:chest_minecart":2,"minecraft:brown_mushroom":1,"solo_leveling:magic_staff":1,"solo_leveling:dragon_armor_chestplate":6,"minecraft:brewing_stand":1,"minecraft:shield":2,"solo_leveling:magic_crystal":145,"minecraft:string":12,"minecraft:raw_copper":20,"solo_leveling:health_necklace":1,"minecraft:iron_leggings":5,"minecraft:white_carpet":2,"minecraft:iron_shovel":2,"solo_leveling:silver_spear":10,"minecraft:cobbled_deepslate":35,"minecraft:detector_rail":3,"minecraft:beef":21,"minecraft:azalea":1,"minecraft:iron_pickaxe":15,"minecraft:sugar_cane":230,"minecraft:iron_boots":5,"minecraft:egg":4,"solo_leveling:strength_necklace":5,"minecraft:stick":12,"minecraft:torch":372,"minecraft:porkchop":1,"minecraft:diorite":7,"minecraft:carrot":1,"minecraft:dark_oak_planks":25,"minecraft:rotten_flesh":86,"minecraft:arrow":40,"minecraft:diamond_chestplate":3,"solo_leveling:dark_bow":4,"minecraft:tropical_fish":2,"minecraft:beetroot_seeds":4,"solo_leveling:magic_crystalll":692,"solo_leveling:rasaka_venom":5,"sophisticatedbackpacks:copper_backpack":6,"solo_leveling:iron_shield":4,"solo_leveling:large_axe":5,"minecraft:glow_berries":2,"minecraft:obsidian":4,"minecraft:rail":5,"minecraft:cobblestone":249,"minecraft:oxeye_daisy":1,"minecraft:magma_block":2,"solo_leveling:protection_amulet":4,"minecraft:air":0,"minecraft:water_bucket":2,"minecraft:andesite":1,"minecraft:leather":15,"minecraft:potato":27,"minecraft:flint":2,"minecraft:oak_log":6,"minecraft:gunpowder":24,"minecraft:dirt":46,"minecraft:name_tag":3,"minecraft:bone":42,"minecraft:bow":7,"minecraft:wheat_seeds":76,"minecraft:dark_oak_sign":2,"solo_leveling:dragon_armor_boots":1,"solo_leveling:rune_stone":2,"minecraft:moss_block":3,"minecraft:gray_bed":1,"minecraft:iron_sword":7,"minecraft:oak_planks":17,"minecraft:book":1,"minecraft:axolotl_bucket":1,"minecraft:dandelion":3,"minecraft:gravel":1,"minecraft:sand":2,"solo_leveling:necklace":4,"minecraft:spruce_sapling":2,"minecraft:soul_torch":56,"sophisticatedbackpacks:iron_backpack":2,"minecraft:spruce_log":17,"minecraft:grass_block":2,"minecraft:dark_oak_log":1,"minecraft:spider_eye":7,"solo_leveling:dragon_armor_leggings":5,"minecraft:pumpkin_seeds":10,"minecraft:diamond":2,"minecraft:stone_axe":2,"solo_leveling:dragon_armor_helmet":4,"minecraft:iron_helmet":5,"minecraft:granite":21,"minecraft:bone_meal":1,"minecraft:golden_apple":2,"minecraft:bread":83,"solo_leveling:knight_killer":7,"minecraft:baked_potato":30,"minecraft:coal":3,"minecraft:ender_pearl":4},"minecraft:used":{"minecraft:enchanting_table":1,"sophisticatedbackpacks:iron_backpack":3,"solo_leveling:large_axe":8,"minecraft:chest":1,"minecraft:shield":5,"minecraft:iron_sword":106,"solo_leveling:dragon_armor_helmet":2,"solo_leveling:dragon_armor_chestplate":3,"minecraft:iron_chestplate":1,"minecraft:torch":42,"minecraft:brewing_stand":1,"minecraft:dirt":3,"minecraft:white_carpet":2,"solo_leveling:dragon_armor_leggings":1,"minecraft:granite":4,"minecraft:axolotl_bucket":1,"minecraft:dark_oak_planks":47,"minecraft:bookshelf":11,"solo_leveling:rasaka_venom":88,"minecraft:iron_helmet":1,"minecraft:iron_boots":1,"minecraft:magma_block":2,"minecraft:diamond_chestplate":2,"minecraft:bow":23,"minecraft:gray_bed":2,"minecraft:egg":2,"minecraft:cobbled_deepslate":6,"minecraft:potato":27,"sophisticatedbackpacks:gold_backpack":1,"solo_leveling:silver_spear":1002,"minecraft:iron_leggings":1,"minecraft:wheat_seeds":1,"minecraft:water_bucket":2,"minecraft:dark_oak_sign":1,"minecraft:golden_apple":1,"minecraft:rail":5,"minecraft:spruce_log":6,"solo_leveling:reaper":2,"minecraft:iron_pickaxe":707,"minecraft:bread":210,"solo_leveling:knight_killer":736,"minecraft:stone_axe":36,"minecraft:cobblestone":82,"minecraft:cooked_porkchop":6,"minecraft:andesite":1,"minecraft:bucket":3,"minecraft:chest_minecart":2,"minecraft:coarse_dirt":1},"minecraft:killed_by":{"solo_leveling:hobgoblin_bomber":2},"minecraft:mined":{"minecraft:dark_oak_planks":18,"minecraft:brewing_stand":1,"minecraft:cave_vines_plant":1,"minecraft:granite":21,"minecraft:grass_block":6,"minecraft:spruce_leaves":18,"minecraft:moss_block":2,"minecraft:large_fern":3,"minecraft:magma_block":2,"minecraft:andesite":1,"minecraft:vine":1,"minecraft:rail":5,"solo_leveling:magic_crystal":457,"minecraft:stone":137,"minecraft:podzol":1,"minecraft:clay":12,"minecraft:crafting_table":2,"minecraft:copper_ore":19,"minecraft:tall_grass":15,"minecraft:cobblestone":7,"minecraft:sugar_cane":116,"minecraft:diorite":7,"minecraft:purple_bed":1,"minecraft:coarse_dirt":4,"minecraft:cobblestone_wall":1,"minecraft:wheat":25,"minecraft:spruce_log":17,"minecraft:gray_bed":1,"minecraft:white_carpet":2,"minecraft:grass":47,"minecraft:oak_log":6,"minecraft:coal_ore":3,"minecraft:dark_oak_sign":2,"minecraft:sand":1,"minecraft:dirt":22,"minecraft:oak_leaves":3,"minecraft:deepslate":18,"minecraft:fern":1},"minecraft:broken":{"minecraft:iron_pickaxe":2},"minecraft:custom":{"minecraft:interact_with_anvil":5,"minecraft:mob_kills":583,"minecraft:animals_bred":1,"minecraft:interact_with_crafting_table":12,"minecraft:bell_ring":58,"minecraft:leave_game":6,"minecraft:time_since_death":17868,"minecraft:climb_one_cm":2614,"minecraft:sprint_one_cm":2001062,"minecraft:walk_one_cm":3754422,"minecraft:damage_blocked_by_shield":45,"minecraft:drop":44,"minecraft:play_time":752902,"minecraft:sneak_time":6329,"minecraft:deaths":15,"minecraft:walk_under_water_one_cm":11648,"minecraft:boat_one_cm":105629,"minecraft:jump":4159,"minecraft:interact_with_brewingstand":2,"minecraft:interact_with_blast_furnace":1,"minecraft:walk_on_water_one_cm":27581,"minecraft:enchant_item":10,"minecraft:total_world_time":752902,"minecraft:interact_with_furnace":9,"minecraft:interact_with_stonecutter":2,"minecraft:sleep_in_bed":13,"minecraft:time_since_rest":17911,"minecraft:damage_dealt":65661,"minecraft:player_kills":1,"minecraft:swim_one_cm":60162,"minecraft:fly_one_cm":728467,"minecraft:open_chest":246,"minecraft:crouch_one_cm":30146,"minecraft:fall_one_cm":97167},"minecraft:dropped":{"minecraft:water_bucket":1,"minecraft:bread":49,"solo_leveling:silver_spear":2,"minecraft:baked_potato":15,"minecraft:cobblestone":3,"minecraft:iron_helmet":1,"minecraft:glow_berries":1,"minecraft:leather":3,"solo_leveling:dragon_armor_helmet":1,"solo_leveling:dragon_armor_boots":1,"solo_leveling:reaper":2,"minecraft:iron_leggings":2,"minecraft:sand":1,"minecraft:iron_pickaxe":4,"minecraft:iron_shovel":1,"solo_leveling:knight_killer":1,"minecraft:stone_axe":2,"minecraft:cobbled_deepslate":17,"minecraft:raw_copper":10,"minecraft:obsidian":4,"solo_leveling:magic_crystalll":5,"minecraft:rotten_flesh":17,"minecraft:iron_boots":1,"minecraft:pumpkin_seeds":5,"minecraft:diamond_chestplate":1,"solo_leveling:dragon_armor_chestplate":1,"minecraft:bow":1,"minecraft:arrow":8},"minecraft:killed":{"solo_leveling:hobgoblin_club":5,"minecraft:spider":10,"minecraft:skeleton":32,"solo_leveling:hobgoblin_assassin":13,"solo_leveling:igris":1,"solo_leveling:spider_boss":3,"solo_leveling:boss_golem":5,"solo_leveling:hobgoblin_bomber":10,"solo_leveling:golem":61,"solo_leveling:giga_goblin":3,"minecraft:pig":1,"solo_leveling:ice_bear":1,"solo_leveling:steel_fang":39,"minecraft:zombie_villager":1,"solo_leveling:goblin_2":59,"minecraft:creeper":28,"minecraft:sheep":2,"minecraft:zombie":57,"solo_leveling:serpent":3,"solo_leveling:goblin":56,"minecraft:cow":9,"minecraft:enderman":6},"minecraft:crafted":{"minecraft:oak_planks":24,"minecraft:bow":4,"minecraft:iron_boots":1,"minecraft:chest":1,"minecraft:dark_oak_planks":256,"minecraft:gray_bed":1,"minecraft:cooked_beef":2,"minecraft:enchanting_table":1,"minecraft:iron_helmet":1,"minecraft:iron_sword":1,"sophisticatedbackpacks:gold_backpack":1,"minecraft:air":0,"minecraft:iron_chestplate":1,"minecraft:shield":1,"minecraft:stick":4,"minecraft:iron_pickaxe":1,"minecraft:iron_leggings":2}},"DataVersion":3465}