{"stats":{"minecraft:broken":{"minecraft:iron_pickaxe":1},"minecraft:crafted":{"minecraft:oak_planks":24,"minecraft:bow":4,"minecraft:iron_boots":1,"minecraft:chest":1,"minecraft:dark_oak_planks":256,"minecraft:gray_bed":1,"minecraft:cooked_beef":2,"minecraft:enchanting_table":1,"minecraft:iron_helmet":1,"minecraft:iron_sword":1,"sophisticatedbackpacks:gold_backpack":1,"minecraft:air":0,"minecraft:iron_chestplate":1,"minecraft:shield":1,"minecraft:stick":4,"minecraft:iron_pickaxe":1,"minecraft:iron_leggings":2},"minecraft:killed":{"solo_leveling:hobgoblin_club":1,"minecraft:spider":7,"minecraft:skeleton":25,"solo_leveling:hobgoblin_assassin":8,"solo_leveling:boss_golem":4,"solo_leveling:spider_boss":2,"solo_leveling:hobgoblin_bomber":5,"solo_leveling:golem":25,"solo_leveling:giga_goblin":2,"solo_leveling:goblin_2":54,"minecraft:creeper":21,"minecraft:sheep":2,"minecraft:zombie":46,"solo_leveling:serpent":2,"solo_leveling:goblin":54,"minecraft:cow":5,"minecraft:enderman":5},"minecraft:custom":{"minecraft:mob_kills":369,"minecraft:interact_with_crafting_table":12,"minecraft:bell_ring":11,"minecraft:leave_game":5,"minecraft:time_since_death":258382,"minecraft:climb_one_cm":1470,"minecraft:sprint_one_cm":1163568,"minecraft:walk_one_cm":2502526,"minecraft:damage_blocked_by_shield":45,"minecraft:drop":35,"minecraft:play_time":488039,"minecraft:deaths":3,"minecraft:sneak_time":4278,"minecraft:walk_under_water_one_cm":7337,"minecraft:boat_one_cm":105629,"minecraft:jump":2709,"minecraft:interact_with_blast_furnace":1,"minecraft:walk_on_water_one_cm":21889,"minecraft:enchant_item":5,"minecraft:total_world_time":488039,"minecraft:interact_with_furnace":9,"minecraft:interact_with_stonecutter":1,"minecraft:sleep_in_bed":12,"minecraft:time_since_rest":89909,"minecraft:damage_dealt":41194,"minecraft:swim_one_cm":44426,"minecraft:fly_one_cm":376125,"minecraft:open_chest":227,"minecraft:crouch_one_cm":16154,"minecraft:fall_one_cm":53075},"minecraft:used":{"sophisticatedbackpacks:iron_backpack":3,"minecraft:enchanting_table":1,"minecraft:chest":1,"minecraft:shield":5,"minecraft:iron_sword":106,"solo_leveling:dragon_armor_chestplate":2,"minecraft:iron_chestplate":1,"minecraft:torch":42,"minecraft:dirt":3,"minecraft:white_carpet":2,"minecraft:granite":4,"minecraft:axolotl_bucket":1,"minecraft:dark_oak_planks":47,"minecraft:bookshelf":11,"solo_leveling:rasaka_venom":33,"minecraft:iron_helmet":1,"minecraft:iron_boots":1,"minecraft:magma_block":2,"minecraft:diamond_chestplate":1,"minecraft:gray_bed":2,"minecraft:egg":2,"minecraft:cobbled_deepslate":6,"minecraft:potato":27,"solo_leveling:silver_spear":406,"minecraft:iron_leggings":1,"sophisticatedbackpacks:gold_backpack":1,"minecraft:wheat_seeds":1,"minecraft:water_bucket":2,"minecraft:dark_oak_sign":1,"minecraft:rail":5,"minecraft:spruce_log":6,"solo_leveling:reaper":1,"minecraft:bread":129,"minecraft:iron_pickaxe":488,"solo_leveling:knight_killer":476,"minecraft:stone_axe":36,"minecraft:cobblestone":73,"minecraft:cooked_porkchop":6,"minecraft:andesite":1,"minecraft:bucket":3,"minecraft:chest_minecart":2,"minecraft:coarse_dirt":1},"minecraft:killed_by":{"solo_leveling:hobgoblin_bomber":2},"minecraft:picked_up":{"minecraft:iron_chestplate":1,"minecraft:coarse_dirt":4,"minecraft:wheat":18,"solo_leveling:reaper":6,"minecraft:clay_ball":52,"minecraft:chest_minecart":2,"minecraft:brown_mushroom":1,"solo_leveling:dragon_armor_chestplate":3,"minecraft:shield":2,"minecraft:string":8,"solo_leveling:magic_crystal":145,"minecraft:raw_copper":20,"minecraft:iron_leggings":5,"minecraft:white_carpet":2,"solo_leveling:silver_spear":3,"minecraft:cobbled_deepslate":35,"minecraft:detector_rail":3,"minecraft:beef":10,"minecraft:iron_pickaxe":5,"minecraft:sugar_cane":230,"minecraft:iron_boots":5,"minecraft:egg":4,"minecraft:stick":12,"minecraft:torch":365,"minecraft:diorite":7,"minecraft:carrot":1,"minecraft:dark_oak_planks":23,"minecraft:diamond_chestplate":2,"minecraft:arrow":40,"minecraft:rotten_flesh":54,"minecraft:tropical_fish":2,"minecraft:beetroot_seeds":4,"solo_leveling:magic_crystalll":452,"sophisticatedbackpacks:copper_backpack":1,"minecraft:glow_berries":2,"minecraft:obsidian":4,"minecraft:rail":5,"minecraft:cobblestone":191,"minecraft:magma_block":2,"minecraft:air":0,"minecraft:water_bucket":2,"minecraft:andesite":1,"minecraft:leather":3,"minecraft:potato":27,"minecraft:flint":2,"minecraft:oak_log":6,"minecraft:gunpowder":16,"minecraft:dirt":45,"minecraft:name_tag":3,"minecraft:bone":31,"minecraft:bow":3,"minecraft:wheat_seeds":64,"minecraft:dark_oak_sign":2,"solo_leveling:rune_stone":2,"minecraft:gray_bed":1,"minecraft:moss_block":2,"minecraft:iron_sword":5,"minecraft:oak_planks":16,"minecraft:book":1,"minecraft:axolotl_bucket":1,"minecraft:gravel":1,"minecraft:sand":2,"minecraft:spruce_sapling":1,"minecraft:soul_torch":20,"sophisticatedbackpacks:iron_backpack":2,"minecraft:grass_block":1,"minecraft:spruce_log":17,"minecraft:dark_oak_log":1,"minecraft:spider_eye":2,"solo_leveling:dragon_armor_leggings":1,"minecraft:pumpkin_seeds":10,"minecraft:diamond":2,"minecraft:stone_axe":2,"minecraft:iron_helmet":5,"minecraft:granite":21,"minecraft:bread":83,"minecraft:coal":3,"minecraft:ender_pearl":4},"minecraft:dropped":{"minecraft:water_bucket":1,"minecraft:bread":49,"solo_leveling:silver_spear":1,"minecraft:iron_helmet":1,"minecraft:cobblestone":3,"minecraft:glow_berries":1,"minecraft:leather":3,"solo_leveling:reaper":2,"minecraft:iron_leggings":2,"minecraft:sand":1,"minecraft:iron_pickaxe":2,"minecraft:stone_axe":2,"minecraft:cobbled_deepslate":17,"minecraft:raw_copper":10,"minecraft:obsidian":4,"minecraft:rotten_flesh":17,"solo_leveling:magic_crystalll":5,"minecraft:iron_boots":1,"minecraft:pumpkin_seeds":5,"minecraft:diamond_chestplate":1,"minecraft:bow":1,"minecraft:arrow":8},"minecraft:mined":{"minecraft:dark_oak_planks":18,"minecraft:cave_vines_plant":1,"minecraft:granite":21,"minecraft:grass_block":6,"minecraft:spruce_leaves":18,"minecraft:moss_block":2,"minecraft:large_fern":3,"minecraft:magma_block":2,"minecraft:andesite":1,"minecraft:vine":1,"minecraft:rail":5,"solo_leveling:magic_crystal":246,"minecraft:stone":137,"minecraft:podzol":1,"minecraft:clay":12,"minecraft:tall_grass":10,"minecraft:copper_ore":19,"minecraft:cobblestone":7,"minecraft:sugar_cane":116,"minecraft:diorite":7,"minecraft:purple_bed":1,"minecraft:coarse_dirt":4,"minecraft:cobblestone_wall":1,"minecraft:wheat":25,"minecraft:gray_bed":1,"minecraft:white_carpet":2,"minecraft:spruce_log":17,"minecraft:grass":27,"minecraft:oak_log":6,"minecraft:coal_ore":3,"minecraft:dark_oak_sign":2,"minecraft:sand":1,"minecraft:dirt":21,"minecraft:deepslate":18,"minecraft:fern":1}},"DataVersion":3465}