{"stats":{"minecraft:used":{"minecraft:bread":4,"minecraft:iron_pickaxe":15,"minecraft:iron_helmet":1,"minecraft:iron_sword":91,"minecraft:iron_boots":1,"minecraft:iron_chestplate":1,"minecraft:diamond_chestplate":1,"minecraft:cooked_porkchop":6,"minecraft:gray_bed":1,"minecraft:egg":2,"minecraft:iron_leggings":1},"minecraft:picked_up":{"minecraft:torch":1,"minecraft:sand":1,"minecraft:oak_log":6,"solo_leveling:magic_crystal":15,"minecraft:wheat_seeds":1,"solo_leveling:magic_crystalll":29,"minecraft:bread":2,"minecraft:egg":2},"minecraft:mined":{"minecraft:grass":5,"minecraft:oak_log":6,"solo_leveling:magic_crystal":15,"minecraft:sand":1,"minecraft:tall_grass":2},"minecraft:crafted":{"minecraft:oak_planks":24,"minecraft:iron_boots":1,"minecraft:iron_chestplate":1,"minecraft:shield":1,"minecraft:stick":4,"minecraft:iron_helmet":1,"minecraft:iron_pickaxe":1,"minecraft:iron_sword":1,"minecraft:iron_leggings":1,"minecraft:gray_bed":1},"minecraft:custom":{"minecraft:time_since_rest":40382,"minecraft:sprint_one_cm":81627,"minecraft:walk_one_cm":255972,"minecraft:mob_kills":23,"minecraft:damage_dealt":1888,"minecraft:interact_with_crafting_table":5,"minecraft:fly_one_cm":20378,"minecraft:open_chest":37,"minecraft:crouch_one_cm":21,"minecraft:play_time":40382,"minecraft:sneak_time":249,"minecraft:jump":77,"minecraft:time_since_death":40382,"minecraft:total_world_time":40382,"minecraft:fall_one_cm":398},"minecraft:killed":{"solo_leveling:goblin":7,"solo_leveling:goblin_2":16}},"DataVersion":3465}