{"stats":{"minecraft:used":{"minecraft:iron_chestplate":1,"minecraft:diamond_chestplate":1,"minecraft:iron_helmet":1,"minecraft:iron_boots":1,"minecraft:iron_leggings":1},"minecraft:crafted":{"minecraft:iron_leggings":1,"minecraft:iron_helmet":1,"minecraft:iron_boots":1,"minecraft:iron_chestplate":1},"minecraft:custom":{"minecraft:jump":7,"minecraft:open_chest":15,"minecraft:time_since_rest":4382,"minecraft:sprint_one_cm":9582,"minecraft:play_time":4382,"minecraft:time_since_death":4382,"minecraft:walk_one_cm":18048,"minecraft:total_world_time":4382,"minecraft:interact_with_crafting_table":1,"minecraft:fall_one_cm":398,"minecraft:fly_one_cm":2140}},"DataVersion":3465}