{"stats":{"minecraft:used":{"minecraft:bread":11,"minecraft:iron_pickaxe":15,"minecraft:iron_helmet":1,"minecraft:iron_sword":104,"minecraft:iron_boots":1,"minecraft:iron_chestplate":1,"minecraft:diamond_chestplate":1,"minecraft:cooked_porkchop":6,"minecraft:gray_bed":1,"minecraft:egg":2,"minecraft:iron_leggings":1},"minecraft:picked_up":{"solo_leveling:reaper":2,"minecraft:torch":141,"minecraft:sand":2,"minecraft:oak_log":6,"minecraft:shield":1,"solo_leveling:magic_crystal":17,"minecraft:iron_leggings":1,"minecraft:arrow":6,"minecraft:rotten_flesh":2,"minecraft:diamond_chestplate":1,"minecraft:wheat_seeds":2,"solo_leveling:magic_crystalll":39,"minecraft:iron_helmet":1,"minecraft:bread":9,"minecraft:iron_pickaxe":1,"minecraft:iron_sword":1,"minecraft:iron_boots":1,"minecraft:egg":2},"minecraft:mined":{"minecraft:grass":5,"minecraft:oak_log":6,"solo_leveling:magic_crystal":15,"minecraft:sand":1,"minecraft:tall_grass":2},"minecraft:crafted":{"minecraft:oak_planks":24,"minecraft:iron_boots":1,"minecraft:iron_chestplate":1,"minecraft:shield":1,"minecraft:stick":4,"minecraft:iron_helmet":1,"minecraft:iron_pickaxe":1,"minecraft:iron_sword":1,"minecraft:iron_leggings":1,"minecraft:gray_bed":1},"minecraft:custom":{"minecraft:time_since_rest":16648,"minecraft:sprint_one_cm":113585,"minecraft:walk_one_cm":370734,"minecraft:mob_kills":28,"minecraft:drop":8,"minecraft:damage_dealt":2647,"minecraft:interact_with_crafting_table":5,"minecraft:fly_one_cm":27718,"minecraft:open_chest":58,"minecraft:crouch_one_cm":105,"minecraft:play_time":58382,"minecraft:deaths":1,"minecraft:sneak_time":281,"minecraft:jump":142,"minecraft:time_since_death":16625,"minecraft:total_world_time":58382,"minecraft:fall_one_cm":1563},"minecraft:killed":{"minecraft:zombie":3,"solo_leveling:goblin":8,"solo_leveling:goblin_2":16},"minecraft:dropped":{"solo_leveling:reaper":1,"solo_leveling:magic_crystalll":2,"minecraft:arrow":8}},"DataVersion":3465}