{"stats":{"minecraft:picked_up":{"minecraft:nether_brick_fence":1,"sophisticatedbackpacks:gold_backpack":6,"minecraft:nether_wart":10,"minecraft:iron_chestplate":1,"minecraft:coarse_dirt":4,"minecraft:wheat":18,"solo_leveling:reaper":13,"minecraft:azure_bluet":2,"minecraft:clay_ball":52,"minecraft:chest_minecart":2,"minecraft:brown_mushroom":1,"minecraft:lead":1,"solo_leveling:magic_staff":1,"minecraft:gold_block":12,"solo_leveling:dragon_armor_chestplate":6,"minecraft:brewing_stand":1,"minecraft:shield":2,"solo_leveling:magic_crystal":183,"minecraft:string":12,"minecraft:raw_copper":20,"solo_leveling:health_necklace":1,"minecraft:iron_leggings":5,"minecraft:white_carpet":2,"minecraft:iron_shovel":2,"solo_leveling:silver_spear":11,"minecraft:blackstone":8,"solo_leveling:querry":3,"minecraft:gold_nugget":40,"minecraft:cobbled_deepslate":35,"minecraft:detector_rail":3,"minecraft:beef":21,"minecraft:azalea":1,"minecraft:iron_pickaxe":15,"minecraft:sugar_cane":230,"minecraft:iron_boots":5,"minecraft:egg":4,"solo_leveling:strength_necklace":5,"minecraft:golden_helmet":1,"solo_leveling:energy_meter":2,"minecraft:stick":12,"minecraft:torch":372,"minecraft:polished_blackstone_bricks":49,"minecraft:porkchop":22,"minecraft:diorite":7,"minecraft:carrot":1,"minecraft:stone_sword":1,"minecraft:dark_oak_planks":27,"minecraft:rotten_flesh":86,"minecraft:arrow":40,"minecraft:diamond_chestplate":3,"solo_leveling:dark_bow":4,"minecraft:tropical_fish":2,"minecraft:beetroot_seeds":4,"solo_leveling:magic_crystalll":718,"minecraft:bone_block":34,"solo_leveling:rasaka_venom":5,"sophisticatedbackpacks:copper_backpack":6,"solo_leveling:iron_shield":4,"minecraft:blaze_rod":21,"solo_leveling:large_axe":5,"minecraft:glow_berries":2,"minecraft:obsidian":4,"minecraft:rail":5,"minecraft:cobblestone":249,"minecraft:oxeye_daisy":1,"minecraft:magma_block":2,"solo_leveling:protection_amulet":4,"minecraft:air":0,"minecraft:basalt":14,"minecraft:water_bucket":2,"minecraft:andesite":1,"minecraft:leather":15,"minecraft:potato":27,"minecraft:flint":2,"minecraft:oak_log":6,"minecraft:gunpowder":24,"minecraft:dirt":46,"minecraft:white_banner":1,"minecraft:name_tag":3,"minecraft:bone":60,"minecraft:bow":7,"minecraft:wheat_seeds":76,"minecraft:dark_oak_sign":2,"solo_leveling:dragon_armor_boots":1,"solo_leveling:rune_stone":2,"minecraft:moss_block":3,"minecraft:gray_bed":1,"minecraft:iron_sword":7,"minecraft:oak_planks":17,"minecraft:soul_sand":10,"solo_leveling:magic_generator":2,"minecraft:book":1,"minecraft:warped_fungus":1,"minecraft:warped_wart_block":1,"solo_leveling:trader_block":4,"minecraft:quartz":16,"minecraft:axolotl_bucket":1,"minecraft:dandelion":3,"minecraft:gravel":14,"minecraft:sand":2,"solo_leveling:necklace":4,"minecraft:nether_brick_stairs":1,"minecraft:spruce_sapling":2,"minecraft:soul_torch":56,"sophisticatedbackpacks:iron_backpack":2,"minecraft:spruce_log":17,"minecraft:grass_block":2,"minecraft:crying_obsidian":3,"solo_leveling:energy_bank":4,"minecraft:dark_oak_log":1,"minecraft:spider_eye":7,"solo_leveling:dragon_armor_leggings":5,"minecraft:pumpkin_seeds":10,"minecraft:diamond":2,"minecraft:stone_axe":2,"solo_leveling:dragon_armor_helmet":4,"minecraft:cracked_polished_blackstone_bricks":14,"minecraft:iron_helmet":5,"minecraft:crossbow":1,"minecraft:granite":21,"minecraft:bone_meal":1,"minecraft:golden_apple":2,"minecraft:warped_roots":2,"minecraft:bread":83,"solo_leveling:knight_killer":7,"minecraft:netherrack":299,"minecraft:baked_potato":30,"minecraft:coal":3,"minecraft:ender_pearl":7},"minecraft:used":{"minecraft:enchanting_table":1,"sophisticatedbackpacks:iron_backpack":3,"solo_leveling:large_axe":13,"minecraft:chest":1,"minecraft:shield":5,"solo_leveling:magic_generator":2,"minecraft:iron_sword":106,"minecraft:netherrack":143,"solo_leveling:dragon_armor_helmet":2,"solo_leveling:dragon_armor_chestplate":3,"minecraft:iron_chestplate":1,"minecraft:torch":42,"minecraft:brewing_stand":1,"minecraft:dirt":3,"minecraft:white_carpet":2,"solo_leveling:dragon_armor_leggings":1,"solo_leveling:energy_meter":4,"minecraft:granite":4,"minecraft:axolotl_bucket":1,"minecraft:dark_oak_planks":49,"minecraft:bookshelf":11,"solo_leveling:rasaka_venom":88,"minecraft:iron_helmet":1,"minecraft:iron_boots":1,"minecraft:basalt":9,"minecraft:magma_block":2,"minecraft:diamond_chestplate":2,"minecraft:bow":140,"solo_leveling:querry":3,"minecraft:gray_bed":2,"minecraft:egg":2,"minecraft:cobbled_deepslate":6,"minecraft:potato":27,"sophisticatedbackpacks:gold_backpack":1,"solo_leveling:silver_spear":1080,"minecraft:iron_leggings":1,"minecraft:wheat_seeds":1,"minecraft:water_bucket":2,"minecraft:dark_oak_sign":1,"minecraft:golden_apple":1,"minecraft:rail":5,"minecraft:crossbow":2,"minecraft:spruce_log":6,"solo_leveling:reaper":2,"minecraft:iron_pickaxe":1297,"minecraft:bread":245,"solo_leveling:knight_killer":772,"minecraft:stone_axe":36,"solo_leveling:energy_bank":4,"minecraft:cobblestone":82,"minecraft:cooked_porkchop":6,"minecraft:andesite":1,"minecraft:bucket":3,"solo_leveling:trader_block":5,"minecraft:chest_minecart":2,"minecraft:coarse_dirt":1},"minecraft:killed_by":{"solo_leveling:hobgoblin_bomber":2},"minecraft:mined":{"minecraft:dark_oak_planks":20,"minecraft:brewing_stand":1,"minecraft:cave_vines_plant":1,"minecraft:granite":21,"minecraft:grass_block":6,"minecraft:crimson_roots":1,"minecraft:cracked_polished_blackstone_bricks":17,"minecraft:spruce_leaves":18,"minecraft:moss_block":2,"minecraft:nether_wart":10,"minecraft:spawner":1,"minecraft:large_fern":3,"minecraft:polished_blackstone_bricks":43,"minecraft:weeping_vines_plant":1,"minecraft:magma_block":2,"minecraft:fire":6,"minecraft:andesite":1,"minecraft:nether_brick_stairs":1,"minecraft:gold_block":8,"minecraft:nether_brick_fence":1,"minecraft:vine":1,"minecraft:rail":5,"solo_leveling:magic_crystal":494,"minecraft:bone_block":33,"minecraft:stone":137,"solo_leveling:trader_block":4,"minecraft:podzol":1,"solo_leveling:querry":3,"minecraft:blackstone":21,"minecraft:soul_sand":10,"minecraft:crimson_nylium":12,"minecraft:basalt":19,"minecraft:clay":12,"minecraft:crafting_table":2,"minecraft:nether_quartz_ore":18,"minecraft:copper_ore":19,"minecraft:tall_grass":15,"minecraft:cobblestone":7,"solo_leveling:magic_generator":2,"solo_leveling:energy_bank":4,"minecraft:sugar_cane":116,"minecraft:diorite":7,"minecraft:warped_wart_block":1,"minecraft:purple_bed":1,"minecraft:warped_nylium":13,"minecraft:coarse_dirt":4,"minecraft:cobblestone_wall":1,"minecraft:wheat":25,"minecraft:spruce_log":17,"minecraft:gray_bed":1,"minecraft:white_carpet":2,"minecraft:grass":47,"minecraft:oak_log":6,"minecraft:coal_ore":3,"minecraft:dark_oak_sign":2,"minecraft:sand":1,"minecraft:dirt":22,"minecraft:netherrack":341,"minecraft:oak_leaves":3,"minecraft:deepslate":18,"minecraft:fern":1,"minecraft:nether_gold_ore":8},"minecraft:broken":{"minecraft:iron_pickaxe":4},"minecraft:custom":{"minecraft:interact_with_anvil":6,"minecraft:mob_kills":680,"minecraft:animals_bred":1,"minecraft:interact_with_crafting_table":28,"minecraft:bell_ring":58,"minecraft:leave_game":6,"minecraft:time_since_death":173868,"minecraft:climb_one_cm":2734,"minecraft:sprint_one_cm":2344236,"minecraft:walk_one_cm":4686758,"minecraft:damage_blocked_by_shield":45,"minecraft:drop":76,"minecraft:talked_to_villager":1,"minecraft:play_time":908902,"minecraft:sneak_time":9957,"minecraft:deaths":15,"minecraft:walk_under_water_one_cm":11876,"minecraft:boat_one_cm":105629,"minecraft:jump":5506,"minecraft:interact_with_brewingstand":2,"minecraft:interact_with_blast_furnace":1,"minecraft:walk_on_water_one_cm":29749,"minecraft:enchant_item":10,"minecraft:total_world_time":908902,"minecraft:interact_with_furnace":9,"minecraft:interact_with_stonecutter":2,"minecraft:sleep_in_bed":14,"minecraft:time_since_rest":135853,"minecraft:damage_dealt":83308,"minecraft:player_kills":1,"minecraft:swim_one_cm":62726,"minecraft:fly_one_cm":904467,"minecraft:open_chest":313,"minecraft:crouch_one_cm":45012,"minecraft:fall_one_cm":142734},"minecraft:dropped":{"minecraft:water_bucket":1,"minecraft:bread":68,"minecraft:iron_sword":1,"solo_leveling:silver_spear":3,"minecraft:baked_potato":15,"minecraft:diamond":3,"minecraft:cobblestone":3,"minecraft:iron_helmet":1,"minecraft:glow_berries":1,"minecraft:leather":3,"sophisticatedbackpacks:gold_backpack":1,"solo_leveling:dragon_armor_helmet":1,"solo_leveling:dragon_armor_boots":1,"solo_leveling:reaper":3,"minecraft:iron_leggings":2,"minecraft:sand":1,"minecraft:iron_pickaxe":4,"minecraft:iron_shovel":1,"minecraft:gold_ingot":1,"solo_leveling:knight_killer":1,"minecraft:stone_axe":2,"minecraft:cobbled_deepslate":17,"minecraft:raw_copper":10,"solo_leveling:energy_meter":2,"minecraft:obsidian":4,"solo_leveling:magic_crystalll":5,"minecraft:rotten_flesh":17,"minecraft:iron_boots":1,"minecraft:nether_brick_fence":1,"minecraft:pumpkin_seeds":5,"solo_leveling:magic_crystal":1,"minecraft:diamond_chestplate":1,"solo_leveling:dragon_armor_chestplate":1,"minecraft:basalt":4,"minecraft:bow":1,"minecraft:arrow":8},"minecraft:killed":{"solo_leveling:hobgoblin_club":5,"minecraft:zombified_piglin":5,"minecraft:spider":11,"minecraft:skeleton":33,"solo_leveling:hobgoblin_assassin":13,"solo_leveling:igris":1,"solo_leveling:spider_boss":3,"solo_leveling:boss_golem":5,"solo_leveling:hobgoblin_bomber":10,"minecraft:piglin_brute":6,"solo_leveling:golem":69,"minecraft:magma_cube":5,"solo_leveling:giga_goblin":3,"minecraft:piglin":8,"minecraft:pig":1,"solo_leveling:ice_bear":1,"solo_leveling:steel_fang":39,"minecraft:zombie_villager":1,"solo_leveling:goblin_2":61,"minecraft:wandering_trader":1,"minecraft:hoglin":9,"minecraft:creeper":29,"minecraft:sheep":2,"minecraft:trader_llama":1,"minecraft:pillager":5,"minecraft:zombie":57,"solo_leveling:serpent":3,"solo_leveling:goblin":56,"minecraft:wither_skeleton":6,"minecraft:blaze":14,"minecraft:cow":9,"minecraft:enderman":9},"minecraft:crafted":{"minecraft:oak_planks":24,"minecraft:furnace":1,"solo_leveling:querry":1,"solo_leveling:trader_block":1,"minecraft:hopper":3,"minecraft:bow":4,"minecraft:iron_boots":1,"solo_leveling:magic_generator":1,"minecraft:chest":4,"minecraft:dark_oak_planks":280,"minecraft:gray_bed":1,"minecraft:cooked_beef":2,"minecraft:iron_trapdoor":1,"minecraft:enchanting_table":1,"minecraft:iron_helmet":1,"minecraft:iron_sword":1,"sophisticatedbackpacks:gold_backpack":1,"minecraft:air":0,"minecraft:dispenser":1,"minecraft:iron_chestplate":1,"minecraft:shield":1,"minecraft:stick":4,"minecraft:iron_pickaxe":1,"minecraft:iron_leggings":2,"solo_leveling:energy_bank":1,"minecraft:lapis_block":1}},"DataVersion":3465}