{"stats":{"minecraft:used":{"sophisticatedbackpacks:iron_backpack":3,"minecraft:bread":35,"minecraft:iron_pickaxe":51,"minecraft:chest":1,"minecraft:iron_helmet":1,"minecraft:shield":1,"minecraft:iron_sword":104,"minecraft:iron_boots":1,"minecraft:diamond_chestplate":1,"minecraft:iron_chestplate":1,"minecraft:cooked_porkchop":6,"minecraft:gray_bed":1,"minecraft:egg":2,"solo_leveling:silver_spear":75,"minecraft:iron_leggings":1},"minecraft:picked_up":{"solo_leveling:reaper":2,"minecraft:torch":144,"minecraft:sand":2,"minecraft:oak_log":6,"sophisticatedbackpacks:iron_backpack":1,"minecraft:gunpowder":1,"minecraft:shield":1,"minecraft:string":2,"minecraft:dark_oak_planks":1,"solo_leveling:magic_crystal":53,"minecraft:iron_leggings":2,"minecraft:bone":6,"minecraft:arrow":13,"minecraft:diamond_chestplate":1,"minecraft:rotten_flesh":9,"minecraft:wheat_seeds":2,"solo_leveling:magic_crystalll":87,"minecraft:iron_helmet":1,"minecraft:bread":9,"minecraft:iron_pickaxe":1,"minecraft:sugar_cane":230,"minecraft:iron_sword":1,"minecraft:iron_boots":1,"minecraft:egg":2},"minecraft:crafted":{"minecraft:oak_planks":24,"minecraft:iron_chestplate":1,"minecraft:iron_boots":1,"minecraft:shield":1,"minecraft:stick":4,"minecraft:iron_pickaxe":1,"minecraft:iron_helmet":1,"minecraft:iron_sword":1,"minecraft:chest":1,"minecraft:iron_leggings":2,"minecraft:gray_bed":1},"minecraft:mined":{"minecraft:large_fern":2,"minecraft:grass":5,"minecraft:oak_log":6,"solo_leveling:magic_crystal":51,"minecraft:sand":1,"minecraft:tall_grass":2,"minecraft:spruce_leaves":2,"minecraft:sugar_cane":116},"minecraft:custom":{"minecraft:time_since_rest":25667,"minecraft:sprint_one_cm":313402,"minecraft:walk_one_cm":809632,"minecraft:mob_kills":73,"minecraft:drop":9,"minecraft:damage_dealt":6347,"minecraft:interact_with_crafting_table":8,"minecraft:fly_one_cm":67707,"minecraft:open_chest":125,"minecraft:crouch_one_cm":751,"minecraft:play_time":199146,"minecraft:deaths":1,"minecraft:sneak_time":543,"minecraft:walk_under_water_one_cm":213,"minecraft:jump":397,"minecraft:leave_game":4,"minecraft:time_since_death":157389,"minecraft:walk_on_water_one_cm":3281,"minecraft:sleep_in_bed":3,"minecraft:total_world_time":199146,"minecraft:fall_one_cm":5765},"minecraft:killed":{"minecraft:skeleton":6,"minecraft:zombie":7,"minecraft:spider":2,"solo_leveling:goblin":16,"solo_leveling:goblin_2":24,"minecraft:creeper":3},"minecraft:dropped":{"solo_leveling:reaper":1,"solo_leveling:magic_crystalll":2,"minecraft:sand":1,"minecraft:arrow":8}},"DataVersion":3465}