{"stats":{"minecraft:picked_up":{"minecraft:iron_chestplate":1,"minecraft:wheat":18,"minecraft:nether_brick_fence":1,"minecraft:lead":1,"solo_leveling:magic_staff":1,"minecraft:brewing_stand":1,"minecraft:string":12,"solo_leveling:magic_crystal":187,"minecraft:raw_copper":20,"solo_leveling:health_necklace":1,"minecraft:iron_leggings":5,"solo_leveling:silver_spear":11,"minecraft:gold_nugget":40,"minecraft:cobbled_deepslate":35,"minecraft:azalea":1,"minecraft:iron_pickaxe":15,"minecraft:iron_boots":5,"minecraft:golden_helmet":1,"solo_leveling:energy_meter":2,"minecraft:stick":12,"minecraft:torch":372,"minecraft:porkchop":28,"minecraft:diorite":7,"minecraft:stone_sword":1,"solo_leveling:dark_bow":4,"minecraft:rotten_flesh":86,"minecraft:tropical_fish":2,"solo_leveling:magic_crystalll":776,"solo_leveling:rasaka_venom":5,"solo_leveling:iron_shield":4,"minecraft:blaze_rod":22,"solo_leveling:large_axe":5,"minecraft:obsidian":4,"minecraft:cobblestone":249,"minecraft:magma_block":2,"solo_leveling:protection_amulet":4,"minecraft:andesite":1,"minecraft:water_bucket":2,"minecraft:potato":27,"minecraft:flint":2,"minecraft:wither_skeleton_skull":1,"minecraft:dirt":46,"minecraft:name_tag":3,"minecraft:bone":60,"minecraft:bow":7,"minecraft:wheat_seeds":76,"solo_leveling:dragon_armor_boots":1,"minecraft:dark_oak_sign":2,"solo_leveling:rune_stone":2,"minecraft:moss_block":5,"minecraft:oak_planks":17,"solo_leveling:magic_generator":2,"minecraft:warped_wart_block":1,"minecraft:axolotl_bucket":1,"minecraft:sand":2,"sophisticatedbackpacks:iron_backpack":2,"minecraft:nether_brick_stairs":1,"minecraft:grass_block":2,"minecraft:dark_oak_log":1,"minecraft:diamond":2,"minecraft:cracked_polished_blackstone_bricks":14,"minecraft:crossbow":1,"minecraft:granite":21,"minecraft:bone_meal":1,"minecraft:golden_apple":2,"minecraft:bread":83,"minecraft:netherrack":327,"minecraft:diamond_pickaxe":1,"sophisticatedbackpacks:gold_backpack":6,"minecraft:coarse_dirt":4,"solo_leveling:reaper":13,"minecraft:azure_bluet":4,"minecraft:clay_ball":52,"minecraft:nether_wart":10,"minecraft:chest_minecart":2,"minecraft:brown_mushroom":1,"minecraft:gold_block":12,"solo_leveling:dragon_armor_chestplate":6,"minecraft:shield":2,"minecraft:white_carpet":2,"minecraft:iron_shovel":2,"minecraft:blackstone":8,"solo_leveling:querry":3,"minecraft:detector_rail":3,"minecraft:beef":21,"minecraft:sugar_cane":230,"minecraft:egg":4,"solo_leveling:strength_necklace":5,"minecraft:polished_blackstone_bricks":49,"minecraft:carrot":1,"minecraft:dark_oak_planks":27,"minecraft:arrow":40,"minecraft:diamond_chestplate":3,"minecraft:beetroot_seeds":4,"minecraft:nether_bricks":4,"sophisticatedbackpacks:copper_backpack":6,"minecraft:glow_berries":2,"minecraft:rail":5,"minecraft:bone_block":34,"minecraft:oxeye_daisy":1,"minecraft:air":0,"minecraft:basalt":32,"minecraft:leather":15,"minecraft:oak_log":6,"minecraft:gunpowder":24,"minecraft:white_banner":1,"minecraft:gray_bed":1,"minecraft:iron_sword":7,"minecraft:soul_sand":10,"minecraft:book":1,"minecraft:warped_fungus":1,"solo_leveling:trader_block":4,"minecraft:quartz":19,"minecraft:dandelion":3,"minecraft:gravel":14,"solo_leveling:necklace":4,"minecraft:soul_torch":56,"minecraft:spruce_sapling":2,"minecraft:spruce_log":17,"minecraft:crying_obsidian":3,"minecraft:spider_eye":7,"solo_leveling:energy_bank":4,"solo_leveling:dragon_armor_leggings":5,"minecraft:pumpkin_seeds":10,"minecraft:stone_axe":2,"solo_leveling:dragon_armor_helmet":4,"minecraft:iron_helmet":5,"minecraft:warped_roots":2,"solo_leveling:knight_killer":7,"minecraft:baked_potato":30,"minecraft:coal":3,"minecraft:ender_pearl":8},"minecraft:used":{"minecraft:chest":1,"minecraft:shield":5,"minecraft:iron_sword":117,"solo_leveling:dragon_armor_helmet":2,"minecraft:iron_chestplate":1,"solo_leveling:dragon_armor_leggings":1,"solo_leveling:energy_meter":4,"minecraft:axolotl_bucket":1,"minecraft:iron_helmet":1,"minecraft:magma_block":2,"minecraft:bow":140,"solo_leveling:querry":3,"minecraft:gray_bed":2,"minecraft:egg":2,"minecraft:potato":27,"minecraft:dark_oak_sign":1,"minecraft:golden_apple":1,"minecraft:crossbow":2,"minecraft:bread":256,"solo_leveling:knight_killer":796,"solo_leveling:energy_bank":4,"minecraft:andesite":1,"minecraft:chest_minecart":2,"minecraft:coarse_dirt":1,"solo_leveling:large_axe":13,"sophisticatedbackpacks:iron_backpack":3,"minecraft:enchanting_table":1,"solo_leveling:magic_generator":2,"minecraft:netherrack":227,"solo_leveling:dragon_armor_chestplate":3,"minecraft:torch":42,"minecraft:brewing_stand":1,"minecraft:dirt":3,"minecraft:white_carpet":2,"minecraft:granite":4,"minecraft:dark_oak_planks":49,"minecraft:bookshelf":11,"solo_leveling:rasaka_venom":88,"minecraft:iron_boots":1,"minecraft:diamond_chestplate":2,"minecraft:basalt":9,"minecraft:cobbled_deepslate":6,"minecraft:iron_leggings":1,"solo_leveling:silver_spear":1167,"sophisticatedbackpacks:gold_backpack":1,"minecraft:wheat_seeds":1,"minecraft:water_bucket":2,"minecraft:rail":5,"minecraft:spruce_log":6,"minecraft:diamond_pickaxe":6,"solo_leveling:reaper":2,"minecraft:iron_pickaxe":1433,"minecraft:stone_axe":36,"minecraft:cobblestone":82,"minecraft:cooked_porkchop":6,"minecraft:bucket":3,"solo_leveling:trader_block":5},"minecraft:killed_by":{"solo_leveling:hobgoblin_bomber":2},"minecraft:mined":{"minecraft:dark_oak_planks":20,"minecraft:brewing_stand":1,"minecraft:cave_vines_plant":1,"minecraft:granite":21,"minecraft:grass_block":6,"minecraft:cracked_polished_blackstone_bricks":17,"minecraft:nether_wart":10,"minecraft:spawner":1,"minecraft:polished_blackstone_bricks":43,"minecraft:weeping_vines_plant":1,"minecraft:magma_block":2,"minecraft:fire":7,"minecraft:nether_brick_stairs":1,"solo_leveling:magic_crystal":574,"solo_leveling:trader_block":4,"solo_leveling:querry":3,"minecraft:blackstone":24,"minecraft:crimson_nylium":13,"minecraft:clay":12,"minecraft:nether_quartz_ore":20,"minecraft:cobblestone":7,"minecraft:sugar_cane":116,"solo_leveling:magic_generator":2,"minecraft:warped_nylium":13,"minecraft:wheat":25,"minecraft:grass":47,"minecraft:oak_log":6,"minecraft:sand":1,"minecraft:dirt":22,"minecraft:netherrack":367,"minecraft:oak_leaves":3,"minecraft:deepslate":18,"minecraft:nether_gold_ore":8,"minecraft:nether_bricks":8,"minecraft:crimson_roots":1,"minecraft:spruce_leaves":18,"minecraft:moss_block":2,"minecraft:large_fern":3,"minecraft:andesite":1,"minecraft:gold_block":8,"minecraft:nether_brick_fence":1,"minecraft:vine":1,"minecraft:rail":5,"minecraft:stone":137,"minecraft:bone_block":33,"minecraft:podzol":1,"minecraft:soul_sand":10,"minecraft:basalt":37,"minecraft:crafting_table":2,"minecraft:tall_grass":15,"minecraft:copper_ore":19,"minecraft:diorite":7,"solo_leveling:energy_bank":4,"minecraft:warped_wart_block":1,"minecraft:purple_bed":1,"minecraft:coarse_dirt":4,"minecraft:cobblestone_wall":1,"minecraft:white_carpet":2,"minecraft:gray_bed":1,"minecraft:spruce_log":17,"minecraft:coal_ore":3,"minecraft:dark_oak_sign":2,"minecraft:fern":1},"minecraft:broken":{"minecraft:iron_pickaxe":5},"minecraft:custom":{"minecraft:animals_bred":1,"minecraft:interact_with_crafting_table":33,"minecraft:bell_ring":58,"minecraft:leave_game":6,"minecraft:time_since_death":221868,"minecraft:sprint_one_cm":2453850,"minecraft:damage_blocked_by_shield":45,"minecraft:drop":115,"minecraft:talked_to_villager":1,"minecraft:play_time":956902,"minecraft:deaths":15,"minecraft:jump":5800,"minecraft:interact_with_brewingstand":2,"minecraft:walk_on_water_one_cm":29749,"minecraft:enchant_item":12,"minecraft:interact_with_furnace":9,"minecraft:sleep_in_bed":14,"minecraft:damage_dealt":88095,"minecraft:player_kills":1,"minecraft:crouch_one_cm":51810,"minecraft:mob_kills":742,"minecraft:interact_with_anvil":11,"minecraft:climb_one_cm":2734,"minecraft:walk_one_cm":4923391,"minecraft:sneak_time":11606,"minecraft:walk_under_water_one_cm":11876,"minecraft:boat_one_cm":105629,"minecraft:interact_with_blast_furnace":1,"minecraft:total_world_time":956902,"minecraft:interact_with_stonecutter":3,"minecraft:time_since_rest":183853,"minecraft:swim_one_cm":62726,"minecraft:fly_one_cm":948913,"minecraft:open_chest":333,"minecraft:fall_one_cm":155888},"minecraft:dropped":{"minecraft:nether_brick_stairs":1,"minecraft:iron_sword":3,"minecraft:soul_sand":10,"minecraft:moss_block":4,"minecraft:brown_mushroom":1,"minecraft:warped_fungus":1,"minecraft:baked_potato":15,"minecraft:diamond":3,"minecraft:glow_berries":1,"minecraft:leather":3,"sophisticatedbackpacks:gold_backpack":1,"solo_leveling:dragon_armor_helmet":1,"minecraft:dirt":27,"solo_leveling:dragon_armor_boots":1,"solo_leveling:reaper":3,"minecraft:sand":1,"minecraft:iron_pickaxe":4,"minecraft:gold_ingot":1,"minecraft:gravel":1,"minecraft:stone_axe":2,"minecraft:blackstone":8,"minecraft:cobbled_deepslate":29,"solo_leveling:energy_meter":2,"minecraft:obsidian":4,"minecraft:rotten_flesh":38,"solo_leveling:magic_crystalll":5,"minecraft:nether_brick_fence":1,"minecraft:azure_bluet":2,"solo_leveling:magic_crystal":1,"solo_leveling:dragon_armor_chestplate":1,"minecraft:basalt":23,"minecraft:arrow":13,"minecraft:warped_wart_block":1,"minecraft:crying_obsidian":3,"minecraft:netherrack":100,"minecraft:egg":2,"minecraft:water_bucket":1,"minecraft:bread":68,"solo_leveling:silver_spear":3,"minecraft:wheat_seeds":13,"minecraft:iron_helmet":1,"minecraft:cobblestone":18,"minecraft:granite":17,"minecraft:tropical_fish":2,"minecraft:grass_block":2,"minecraft:oxeye_daisy":1,"minecraft:diorite":7,"minecraft:iron_leggings":2,"minecraft:iron_shovel":1,"minecraft:spruce_sapling":2,"minecraft:dandelion":3,"solo_leveling:knight_killer":1,"minecraft:coarse_dirt":3,"minecraft:dark_oak_sign":1,"minecraft:raw_copper":10,"minecraft:iron_boots":1,"minecraft:nether_bricks":4,"minecraft:pumpkin_seeds":5,"minecraft:diamond_chestplate":1,"minecraft:diamond_pickaxe":1,"minecraft:spider_eye":1,"minecraft:bow":1},"minecraft:killed":{"minecraft:zombified_piglin":5,"minecraft:spider":11,"minecraft:skeleton":33,"solo_leveling:hobgoblin_assassin":13,"solo_leveling:spider_boss":3,"solo_leveling:boss_golem":5,"solo_leveling:hobgoblin_bomber":10,"minecraft:piglin_brute":6,"solo_leveling:golem":90,"minecraft:magma_cube":5,"solo_leveling:giga_goblin":3,"minecraft:piglin":8,"solo_leveling:ice_bear":1,"minecraft:pig":2,"solo_leveling:steel_fang":39,"minecraft:zombie_villager":1,"solo_leveling:goblin_2":62,"minecraft:creeper":29,"minecraft:sheep":2,"minecraft:trader_llama":1,"minecraft:pillager":5,"minecraft:zombie":57,"solo_leveling:goblin":56,"minecraft:blaze":16,"minecraft:cow":9,"solo_leveling:hobgoblin_club":5,"solo_leveling:igris":1,"minecraft:wandering_trader":1,"minecraft:hoglin":11,"solo_leveling:serpent":3,"minecraft:wither_skeleton":8,"minecraft:enderman":10},"minecraft:crafted":{"minecraft:oak_planks":24,"minecraft:hopper":3,"minecraft:bow":4,"minecraft:iron_boots":1,"minecraft:chest":4,"minecraft:gray_bed":1,"minecraft:iron_helmet":1,"minecraft:dispenser":1,"minecraft:iron_chestplate":1,"minecraft:shield":1,"minecraft:stick":4,"minecraft:iron_pickaxe":1,"minecraft:gold_ingot":4,"minecraft:furnace":1,"solo_leveling:querry":1,"solo_leveling:trader_block":1,"solo_leveling:magic_generator":1,"minecraft:dark_oak_planks":280,"sophisticatedbackpacks:iron_backpack":1,"minecraft:cooked_beef":2,"minecraft:iron_trapdoor":1,"minecraft:enchanting_table":1,"minecraft:iron_sword":1,"sophisticatedbackpacks:gold_backpack":2,"minecraft:air":0,"minecraft:iron_leggings":2,"solo_leveling:energy_bank":1,"minecraft:lapis_block":1}},"DataVersion":3465}