{"stats":{"minecraft:used":{"minecraft:iron_chestplate":1,"minecraft:diamond_chestplate":1,"minecraft:cooked_porkchop":2,"minecraft:gray_bed":1,"minecraft:iron_pickaxe":15,"minecraft:iron_helmet":1,"minecraft:egg":2,"minecraft:iron_sword":45,"minecraft:iron_boots":1,"minecraft:iron_leggings":1},"minecraft:picked_up":{"minecraft:torch":1,"solo_leveling:magic_crystalll":19,"minecraft:sand":1,"minecraft:oak_log":6,"solo_leveling:magic_crystal":15,"minecraft:egg":2},"minecraft:mined":{"minecraft:oak_log":6,"solo_leveling:magic_crystal":15,"minecraft:sand":1},"minecraft:crafted":{"minecraft:iron_sword":1,"minecraft:iron_leggings":1,"minecraft:oak_planks":24,"minecraft:iron_chestplate":1,"minecraft:iron_boots":1,"minecraft:shield":1,"minecraft:gray_bed":1,"minecraft:stick":4,"minecraft:iron_pickaxe":1,"minecraft:iron_helmet":1},"minecraft:custom":{"minecraft:time_since_rest":16382,"minecraft:open_chest":24,"minecraft:play_time":16382,"minecraft:sprint_one_cm":21557,"minecraft:walk_one_cm":138583,"minecraft:sneak_time":15,"minecraft:mob_kills":15,"minecraft:jump":17,"minecraft:damage_dealt":1087,"minecraft:time_since_death":16382,"minecraft:total_world_time":16382,"minecraft:fly_one_cm":3886,"minecraft:interact_with_crafting_table":4,"minecraft:fall_one_cm":398},"minecraft:killed":{"solo_leveling:goblin":4,"solo_leveling:goblin_2":11}},"DataVersion":3465}