{"stats":{"minecraft:broken":{"minecraft:iron_pickaxe":1},"minecraft:crafted":{"minecraft:oak_planks":24,"minecraft:iron_helmet":1,"minecraft:iron_sword":1,"minecraft:iron_boots":1,"minecraft:iron_chestplate":1,"minecraft:shield":1,"minecraft:stick":4,"minecraft:iron_pickaxe":1,"minecraft:chest":1,"minecraft:iron_leggings":2,"minecraft:gray_bed":1},"minecraft:killed":{"solo_leveling:hobgoblin_club":1,"minecraft:spider":4,"solo_leveling:goblin_2":36,"minecraft:creeper":7,"minecraft:skeleton":10,"minecraft:zombie":15,"solo_leveling:hobgoblin_assassin":8,"solo_leveling:goblin":33,"solo_leveling:spider_boss":1,"solo_leveling:boss_golem":4,"solo_leveling:hobgoblin_bomber":5},"minecraft:custom":{"minecraft:mob_kills":176,"minecraft:interact_with_crafting_table":9,"minecraft:bell_ring":11,"minecraft:leave_game":5,"minecraft:time_since_death":86824,"minecraft:sleep_in_bed":5,"minecraft:climb_one_cm":862,"minecraft:time_since_rest":11132,"minecraft:sprint_one_cm":605982,"minecraft:walk_one_cm":1511173,"minecraft:damage_blocked_by_shield":45,"minecraft:drop":27,"minecraft:damage_dealt":16556,"minecraft:swim_one_cm":8091,"minecraft:fly_one_cm":162570,"minecraft:play_time":316481,"minecraft:open_chest":151,"minecraft:walk_under_water_one_cm":3595,"minecraft:crouch_one_cm":4293,"minecraft:sneak_time":1205,"minecraft:deaths":3,"minecraft:jump":1207,"minecraft:walk_on_water_one_cm":15939,"minecraft:total_world_time":316481,"minecraft:fall_one_cm":23931},"minecraft:used":{"minecraft:wheat_seeds":1,"minecraft:water_bucket":1,"sophisticatedbackpacks:iron_backpack":3,"minecraft:chest":1,"minecraft:shield":5,"minecraft:iron_sword":106,"minecraft:iron_chestplate":1,"minecraft:torch":42,"minecraft:dirt":3,"minecraft:granite":4,"minecraft:axolotl_bucket":1,"minecraft:bread":75,"minecraft:iron_pickaxe":318,"minecraft:iron_helmet":1,"solo_leveling:knight_killer":178,"minecraft:iron_boots":1,"minecraft:cobblestone":63,"minecraft:diamond_chestplate":1,"minecraft:cooked_porkchop":6,"minecraft:gray_bed":1,"minecraft:andesite":1,"minecraft:bucket":2,"minecraft:chest_minecart":1,"minecraft:egg":2,"minecraft:potato":27,"minecraft:cobbled_deepslate":6,"solo_leveling:silver_spear":252,"minecraft:iron_leggings":1},"minecraft:killed_by":{"solo_leveling:hobgoblin_bomber":2},"minecraft:picked_up":{"minecraft:iron_chestplate":1,"minecraft:wheat":18,"solo_leveling:reaper":6,"minecraft:chest_minecart":2,"minecraft:clay_ball":52,"minecraft:water_bucket":2,"minecraft:andesite":1,"minecraft:potato":27,"solo_leveling:dragon_armor_chestplate":3,"minecraft:flint":2,"minecraft:oak_log":6,"minecraft:shield":2,"minecraft:gunpowder":5,"solo_leveling:magic_crystal":123,"minecraft:string":6,"minecraft:dirt":38,"minecraft:raw_copper":20,"minecraft:name_tag":3,"minecraft:iron_leggings":4,"solo_leveling:silver_spear":3,"minecraft:bone":13,"minecraft:wheat_seeds":63,"minecraft:cobbled_deepslate":35,"minecraft:detector_rail":3,"solo_leveling:rune_stone":1,"minecraft:iron_pickaxe":5,"minecraft:sugar_cane":230,"minecraft:moss_block":2,"minecraft:iron_sword":5,"minecraft:oak_planks":16,"minecraft:iron_boots":5,"minecraft:egg":2,"minecraft:stick":12,"minecraft:torch":356,"minecraft:axolotl_bucket":1,"minecraft:gravel":1,"minecraft:sand":2,"sophisticatedbackpacks:iron_backpack":2,"minecraft:diorite":7,"minecraft:stone_axe":1,"minecraft:spider_eye":1,"minecraft:dark_oak_planks":10,"solo_leveling:dragon_armor_leggings":1,"minecraft:pumpkin_seeds":10,"minecraft:arrow":40,"minecraft:diamond_chestplate":2,"minecraft:rotten_flesh":18,"minecraft:beetroot_seeds":4,"minecraft:tropical_fish":2,"solo_leveling:magic_crystalll":245,"minecraft:iron_helmet":5,"minecraft:granite":21,"minecraft:bread":82,"minecraft:glow_berries":2,"minecraft:coal":3,"minecraft:cobblestone":185},"minecraft:dropped":{"minecraft:water_bucket":1,"minecraft:bread":49,"minecraft:stone_axe":1,"solo_leveling:silver_spear":1,"minecraft:cobbled_deepslate":17,"minecraft:raw_copper":10,"minecraft:iron_helmet":1,"solo_leveling:magic_crystalll":5,"minecraft:glow_berries":1,"minecraft:iron_boots":1,"minecraft:pumpkin_seeds":5,"minecraft:diamond_chestplate":1,"minecraft:iron_leggings":1,"solo_leveling:reaper":2,"minecraft:arrow":8,"minecraft:sand":1,"minecraft:iron_pickaxe":1},"minecraft:mined":{"minecraft:podzol":1,"minecraft:clay":12,"minecraft:cave_vines_plant":1,"minecraft:granite":21,"minecraft:grass_block":5,"minecraft:tall_grass":8,"minecraft:copper_ore":2,"minecraft:cobblestone":7,"minecraft:spruce_leaves":2,"minecraft:moss_block":2,"minecraft:sugar_cane":116,"minecraft:diorite":7,"minecraft:large_fern":3,"minecraft:wheat":25,"minecraft:andesite":1,"minecraft:grass":19,"minecraft:oak_log":6,"minecraft:coal_ore":3,"minecraft:vine":1,"solo_leveling:magic_crystal":109,"minecraft:sand":1,"minecraft:dirt":16,"minecraft:stone":134,"minecraft:fern":1,"minecraft:deepslate":18}},"DataVersion":3465}