{"stats":{"minecraft:broken":{"minecraft:iron_pickaxe":1},"minecraft:crafted":{"minecraft:oak_planks":24,"minecraft:iron_boots":1,"minecraft:chest":1,"minecraft:dark_oak_planks":256,"minecraft:gray_bed":1,"minecraft:enchanting_table":1,"minecraft:iron_helmet":1,"minecraft:iron_sword":1,"minecraft:iron_chestplate":1,"minecraft:shield":1,"minecraft:stick":4,"minecraft:iron_pickaxe":1,"minecraft:iron_leggings":2},"minecraft:killed":{"solo_leveling:hobgoblin_club":1,"minecraft:spider":4,"minecraft:skeleton":10,"solo_leveling:hobgoblin_assassin":8,"solo_leveling:spider_boss":1,"solo_leveling:boss_golem":4,"solo_leveling:hobgoblin_bomber":5,"solo_leveling:goblin_2":36,"minecraft:creeper":7,"minecraft:zombie":15,"solo_leveling:goblin":35,"minecraft:cow":1},"minecraft:custom":{"minecraft:mob_kills":185,"minecraft:interact_with_crafting_table":11,"minecraft:bell_ring":11,"minecraft:leave_game":5,"minecraft:time_since_death":128316,"minecraft:climb_one_cm":862,"minecraft:sprint_one_cm":725180,"minecraft:walk_one_cm":1685492,"minecraft:damage_blocked_by_shield":45,"minecraft:drop":30,"minecraft:play_time":357973,"minecraft:deaths":3,"minecraft:sneak_time":3897,"minecraft:walk_under_water_one_cm":4762,"minecraft:boat_one_cm":56525,"minecraft:jump":1391,"minecraft:walk_on_water_one_cm":17410,"minecraft:total_world_time":357973,"minecraft:sleep_in_bed":9,"minecraft:time_since_rest":10827,"minecraft:damage_dealt":16985,"minecraft:swim_one_cm":21772,"minecraft:fly_one_cm":203709,"minecraft:open_chest":187,"minecraft:crouch_one_cm":15703,"minecraft:fall_one_cm":25893},"minecraft:used":{"sophisticatedbackpacks:iron_backpack":3,"minecraft:enchanting_table":1,"minecraft:chest":1,"minecraft:shield":5,"minecraft:iron_sword":106,"minecraft:iron_chestplate":1,"solo_leveling:dragon_armor_chestplate":1,"minecraft:torch":42,"minecraft:dirt":3,"minecraft:granite":4,"minecraft:axolotl_bucket":1,"minecraft:dark_oak_planks":47,"minecraft:bookshelf":11,"minecraft:iron_helmet":1,"minecraft:iron_boots":1,"minecraft:diamond_chestplate":1,"minecraft:gray_bed":2,"minecraft:egg":2,"minecraft:potato":27,"minecraft:cobbled_deepslate":6,"minecraft:iron_leggings":1,"solo_leveling:silver_spear":264,"minecraft:wheat_seeds":1,"minecraft:water_bucket":2,"minecraft:dark_oak_sign":1,"minecraft:rail":5,"minecraft:spruce_log":6,"minecraft:bread":81,"minecraft:iron_pickaxe":333,"solo_leveling:knight_killer":181,"minecraft:stone_axe":36,"minecraft:cobblestone":63,"minecraft:cooked_porkchop":6,"minecraft:bucket":3,"minecraft:andesite":1,"minecraft:chest_minecart":2},"minecraft:killed_by":{"solo_leveling:hobgoblin_bomber":2},"minecraft:picked_up":{"minecraft:coarse_dirt":3,"minecraft:iron_chestplate":1,"minecraft:wheat":18,"solo_leveling:reaper":6,"minecraft:clay_ball":52,"minecraft:chest_minecart":2,"solo_leveling:dragon_armor_chestplate":3,"minecraft:shield":2,"minecraft:string":6,"solo_leveling:magic_crystal":132,"minecraft:raw_copper":20,"minecraft:iron_leggings":4,"solo_leveling:silver_spear":3,"minecraft:detector_rail":3,"minecraft:cobbled_deepslate":35,"minecraft:beef":1,"minecraft:iron_pickaxe":5,"minecraft:sugar_cane":230,"minecraft:iron_boots":5,"minecraft:egg":3,"minecraft:stick":12,"minecraft:torch":356,"minecraft:diorite":7,"minecraft:dark_oak_planks":23,"minecraft:diamond_chestplate":2,"minecraft:arrow":40,"minecraft:rotten_flesh":18,"minecraft:beetroot_seeds":4,"minecraft:tropical_fish":2,"solo_leveling:magic_crystalll":260,"minecraft:glow_berries":2,"minecraft:obsidian":4,"minecraft:rail":5,"minecraft:cobblestone":185,"minecraft:water_bucket":2,"minecraft:andesite":1,"minecraft:leather":2,"minecraft:potato":27,"minecraft:flint":2,"minecraft:oak_log":6,"minecraft:gunpowder":5,"minecraft:dirt":43,"minecraft:name_tag":3,"minecraft:bone":13,"minecraft:wheat_seeds":63,"minecraft:dark_oak_sign":2,"solo_leveling:rune_stone":1,"minecraft:gray_bed":1,"minecraft:moss_block":2,"minecraft:oak_planks":16,"minecraft:iron_sword":5,"minecraft:book":1,"minecraft:axolotl_bucket":1,"minecraft:gravel":1,"minecraft:sand":2,"minecraft:spruce_sapling":1,"sophisticatedbackpacks:iron_backpack":2,"minecraft:spruce_log":17,"minecraft:spider_eye":1,"solo_leveling:dragon_armor_leggings":1,"minecraft:pumpkin_seeds":10,"minecraft:diamond":2,"minecraft:stone_axe":2,"minecraft:iron_helmet":5,"minecraft:granite":21,"minecraft:bread":82,"minecraft:coal":3},"minecraft:dropped":{"minecraft:water_bucket":1,"minecraft:bread":49,"solo_leveling:silver_spear":1,"minecraft:iron_helmet":1,"minecraft:glow_berries":1,"solo_leveling:reaper":2,"minecraft:iron_leggings":1,"minecraft:sand":1,"minecraft:iron_pickaxe":2,"minecraft:stone_axe":2,"minecraft:cobbled_deepslate":17,"minecraft:raw_copper":10,"minecraft:obsidian":4,"solo_leveling:magic_crystalll":5,"minecraft:iron_boots":1,"minecraft:pumpkin_seeds":5,"minecraft:diamond_chestplate":1,"minecraft:arrow":8},"minecraft:mined":{"minecraft:dark_oak_planks":15,"minecraft:cave_vines_plant":1,"minecraft:granite":21,"minecraft:grass_block":5,"minecraft:spruce_leaves":16,"minecraft:moss_block":2,"minecraft:large_fern":3,"minecraft:andesite":1,"minecraft:rail":5,"minecraft:vine":1,"solo_leveling:magic_crystal":119,"minecraft:stone":134,"minecraft:podzol":1,"minecraft:clay":12,"minecraft:tall_grass":10,"minecraft:copper_ore":2,"minecraft:cobblestone":7,"minecraft:sugar_cane":116,"minecraft:diorite":7,"minecraft:purple_bed":1,"minecraft:coarse_dirt":3,"minecraft:wheat":25,"minecraft:gray_bed":1,"minecraft:spruce_log":17,"minecraft:grass":21,"minecraft:oak_log":6,"minecraft:coal_ore":3,"minecraft:dark_oak_sign":2,"minecraft:sand":1,"minecraft:dirt":21,"minecraft:deepslate":18,"minecraft:fern":1}},"DataVersion":3465}