{"stats":{"minecraft:used":{"sophisticatedbackpacks:iron_backpack":3,"minecraft:chest":1,"minecraft:shield":1,"minecraft:iron_sword":104,"minecraft:iron_chestplate":1,"minecraft:torch":42,"minecraft:dirt":3,"minecraft:granite":4,"minecraft:bread":40,"minecraft:iron_pickaxe":255,"minecraft:iron_helmet":1,"minecraft:iron_boots":1,"minecraft:diamond_chestplate":1,"minecraft:cobblestone":61,"minecraft:cooked_porkchop":6,"minecraft:gray_bed":1,"minecraft:andesite":1,"minecraft:chest_minecart":1,"minecraft:egg":2,"minecraft:cobbled_deepslate":6,"minecraft:iron_leggings":1,"solo_leveling:silver_spear":85},"minecraft:picked_up":{"minecraft:iron_chestplate":1,"solo_leveling:reaper":3,"minecraft:clay_ball":52,"minecraft:andesite":1,"minecraft:chest_minecart":2,"solo_leveling:dragon_armor_chestplate":1,"minecraft:flint":1,"minecraft:oak_log":6,"minecraft:shield":1,"minecraft:gunpowder":1,"solo_leveling:magic_crystal":53,"minecraft:string":2,"minecraft:dirt":19,"minecraft:raw_copper":20,"minecraft:name_tag":1,"minecraft:iron_leggings":3,"minecraft:bone":10,"minecraft:wheat_seeds":2,"minecraft:detector_rail":3,"minecraft:cobbled_deepslate":18,"minecraft:iron_pickaxe":2,"minecraft:moss_block":2,"minecraft:sugar_cane":230,"minecraft:oak_planks":16,"minecraft:iron_sword":2,"minecraft:iron_boots":2,"minecraft:egg":2,"minecraft:stick":12,"minecraft:torch":193,"minecraft:axolotl_bucket":1,"minecraft:gravel":1,"minecraft:sand":2,"sophisticatedbackpacks:iron_backpack":1,"minecraft:diorite":7,"minecraft:dark_oak_planks":10,"minecraft:beetroot_seeds":4,"minecraft:pumpkin_seeds":10,"minecraft:arrow":15,"minecraft:rotten_flesh":13,"minecraft:diamond_chestplate":1,"minecraft:tropical_fish":2,"solo_leveling:magic_crystalll":88,"minecraft:iron_helmet":2,"minecraft:granite":21,"minecraft:bread":20,"minecraft:glow_berries":2,"minecraft:coal":3,"minecraft:cobblestone":140},"minecraft:crafted":{"minecraft:oak_planks":24,"minecraft:iron_helmet":1,"minecraft:iron_sword":1,"minecraft:iron_boots":1,"minecraft:iron_chestplate":1,"minecraft:shield":1,"minecraft:stick":4,"minecraft:iron_pickaxe":1,"minecraft:chest":1,"minecraft:iron_leggings":2,"minecraft:gray_bed":1},"minecraft:mined":{"minecraft:podzol":1,"minecraft:clay":12,"minecraft:cave_vines_plant":1,"minecraft:granite":21,"minecraft:grass_block":2,"minecraft:tall_grass":2,"minecraft:copper_ore":2,"minecraft:cobblestone":5,"minecraft:spruce_leaves":2,"minecraft:moss_block":2,"minecraft:sugar_cane":116,"minecraft:diorite":7,"minecraft:large_fern":2,"minecraft:andesite":1,"minecraft:coal_ore":3,"minecraft:grass":5,"minecraft:vine":1,"minecraft:oak_log":6,"solo_leveling:magic_crystal":51,"minecraft:sand":1,"minecraft:dirt":16,"minecraft:stone":134,"minecraft:deepslate":18},"minecraft:custom":{"minecraft:mob_kills":80,"minecraft:interact_with_crafting_table":8,"minecraft:leave_game":5,"minecraft:time_since_death":179233,"minecraft:sleep_in_bed":3,"minecraft:climb_one_cm":862,"minecraft:time_since_rest":47511,"minecraft:sprint_one_cm":366152,"minecraft:walk_one_cm":893499,"minecraft:drop":12,"minecraft:damage_dealt":7273,"minecraft:swim_one_cm":8091,"minecraft:fly_one_cm":80123,"minecraft:open_chest":125,"minecraft:crouch_one_cm":850,"minecraft:play_time":220990,"minecraft:deaths":1,"minecraft:sneak_time":589,"minecraft:walk_under_water_one_cm":2499,"minecraft:jump":679,"minecraft:walk_on_water_one_cm":11972,"minecraft:total_world_time":220990,"minecraft:fall_one_cm":11268},"minecraft:killed":{"minecraft:spider":2,"solo_leveling:goblin_2":24,"minecraft:creeper":3,"minecraft:skeleton":8,"minecraft:zombie":11,"solo_leveling:hobgoblin_assassin":1,"solo_leveling:goblin":16},"minecraft:broken":{"minecraft:iron_pickaxe":1},"minecraft:dropped":{"minecraft:raw_copper":10,"minecraft:glow_berries":1,"solo_leveling:magic_crystalll":2,"minecraft:pumpkin_seeds":5,"solo_leveling:reaper":1,"minecraft:sand":1,"minecraft:arrow":8}},"DataVersion":3465}