{"stats":{"minecraft:used":{"minecraft:bread":30,"minecraft:iron_pickaxe":37,"minecraft:chest":1,"minecraft:iron_helmet":1,"minecraft:shield":1,"minecraft:iron_sword":104,"minecraft:iron_boots":1,"minecraft:diamond_chestplate":1,"minecraft:iron_chestplate":1,"minecraft:cooked_porkchop":6,"minecraft:gray_bed":1,"minecraft:egg":2,"solo_leveling:silver_spear":54,"minecraft:iron_leggings":1},"minecraft:picked_up":{"solo_leveling:reaper":2,"minecraft:torch":144,"minecraft:sand":2,"minecraft:oak_log":6,"minecraft:shield":1,"minecraft:dark_oak_planks":1,"solo_leveling:magic_crystal":39,"minecraft:iron_leggings":1,"minecraft:bone":1,"minecraft:arrow":8,"minecraft:diamond_chestplate":1,"minecraft:rotten_flesh":5,"minecraft:wheat_seeds":2,"solo_leveling:magic_crystalll":82,"minecraft:iron_helmet":1,"minecraft:bread":9,"minecraft:iron_pickaxe":1,"minecraft:sugar_cane":230,"minecraft:iron_sword":1,"minecraft:iron_boots":1,"minecraft:egg":2},"minecraft:mined":{"minecraft:grass":5,"minecraft:oak_log":6,"solo_leveling:magic_crystal":37,"minecraft:sand":1,"minecraft:tall_grass":2,"minecraft:sugar_cane":116},"minecraft:crafted":{"minecraft:oak_planks":24,"minecraft:iron_chestplate":1,"minecraft:iron_boots":1,"minecraft:shield":1,"minecraft:stick":4,"minecraft:iron_pickaxe":1,"minecraft:iron_helmet":1,"minecraft:iron_sword":1,"minecraft:chest":1,"minecraft:iron_leggings":1,"minecraft:gray_bed":1},"minecraft:custom":{"minecraft:time_since_rest":13667,"minecraft:sprint_one_cm":236188,"minecraft:walk_one_cm":754261,"minecraft:mob_kills":59,"minecraft:drop":9,"minecraft:damage_dealt":4805,"minecraft:interact_with_crafting_table":6,"minecraft:fly_one_cm":51199,"minecraft:open_chest":120,"minecraft:crouch_one_cm":751,"minecraft:play_time":187146,"minecraft:deaths":1,"minecraft:sneak_time":466,"minecraft:walk_under_water_one_cm":87,"minecraft:jump":318,"minecraft:leave_game":4,"minecraft:time_since_death":145389,"minecraft:walk_on_water_one_cm":3161,"minecraft:sleep_in_bed":3,"minecraft:total_world_time":187146,"minecraft:fall_one_cm":4264},"minecraft:killed":{"minecraft:skeleton":2,"minecraft:zombie":4,"solo_leveling:goblin":16,"solo_leveling:goblin_2":23},"minecraft:dropped":{"solo_leveling:reaper":1,"solo_leveling:magic_crystalll":2,"minecraft:sand":1,"minecraft:arrow":8}},"DataVersion":3465}