{"stats":{"minecraft:crafted":{"minecraft:dark_oak_slab":144,"minecraft:spruce_slab":126,"minecraft:spruce_planks":72,"minecraft:dark_oak_planks":88,"minecraft:torch":16,"minecraft:stone_hoe":1,"minecraft:stone_axe":1},"minecraft:killed":{"minecraft:spider":1},"minecraft:custom":{"minecraft:time_since_rest":65571,"minecraft:interact_with_furnace":5,"minecraft:sprint_one_cm":26808,"minecraft:walk_one_cm":325471,"minecraft:mob_kills":1,"minecraft:damage_dealt":160,"minecraft:swim_one_cm":4453,"minecraft:interact_with_crafting_table":10,"minecraft:fly_one_cm":5155,"minecraft:open_chest":14,"minecraft:crouch_one_cm":21466,"minecraft:play_time":65571,"minecraft:sneak_time":6761,"minecraft:walk_under_water_one_cm":6812,"minecraft:jump":181,"minecraft:leave_game":3,"minecraft:time_since_death":65571,"minecraft:walk_on_water_one_cm":4425,"minecraft:total_world_time":65571,"minecraft:fall_one_cm":1045},"minecraft:used":{"minecraft:wheat_seeds":7,"minecraft:wooden_axe":33,"minecraft:stone_sword":3,"minecraft:stone_pickaxe":68,"minecraft:dark_oak_slab":193,"minecraft:sugar_cane":6,"minecraft:stone_hoe":7,"minecraft:rotten_flesh":3,"minecraft:stone_axe":54,"minecraft:torch":6,"minecraft:dirt":21,"minecraft:coarse_dirt":4,"minecraft:spruce_log":1,"minecraft:dark_oak_sapling":3},"minecraft:picked_up":{"minecraft:coarse_dirt":4,"minecraft:dark_oak_sapling":3,"minecraft:stick":6,"minecraft:dark_oak_slab":67,"minecraft:brown_mushroom":3,"minecraft:gravel":1,"minecraft:sand":12,"minecraft:spruce_sapling":4,"minecraft:spruce_log":19,"minecraft:string":1,"minecraft:dirt":7,"minecraft:rotten_flesh":1,"minecraft:wheat_seeds":7,"minecraft:sugar_cane":6,"minecraft:cobblestone":67},"minecraft:mined":{"minecraft:coarse_dirt":9,"minecraft:brown_mushroom":3,"minecraft:dark_oak_slab":60,"minecraft:spruce_log":19,"minecraft:grass":56,"minecraft:dead_bush":1,"minecraft:dark_oak_sapling":3,"minecraft:gravel":1,"minecraft:sand":13,"minecraft:dirt":7,"minecraft:spruce_leaves":7,"minecraft:stone":67,"minecraft:sugar_cane":2,"minecraft:fern":30}},"DataVersion":3465}