{"stats":{"minecraft:used":{"minecraft:wheat_seeds":32,"minecraft:dark_oak_stairs":23,"minecraft:stone_sword":68,"minecraft:dark_oak_sign":3,"minecraft:stone_shovel":57,"minecraft:stone_pickaxe":96,"minecraft:chest":4,"minecraft:spruce_planks":6,"minecraft:sugar_cane":6,"minecraft:stone_hoe":19,"minecraft:rotten_flesh":5,"minecraft:torch":36,"minecraft:dirt":50,"minecraft:sand":11,"minecraft:white_bed":1,"minecraft:spruce_log":1,"minecraft:dark_oak_planks":951,"minecraft:wooden_axe":64,"minecraft:bookshelf":3,"minecraft:dark_oak_log":18,"minecraft:bread":7,"minecraft:spruce_trapdoor":1,"minecraft:dark_oak_slab":326,"minecraft:stone_axe":700,"minecraft:furnace":1,"minecraft:dark_oak_fence":26,"minecraft:andesite":16,"minecraft:glass_pane":90,"minecraft:coarse_dirt":61,"minecraft:bone_meal":18,"minecraft:dark_oak_sapling":3},"minecraft:picked_up":{"minecraft:charcoal":42,"minecraft:coarse_dirt":36,"minecraft:wheat":10,"minecraft:brown_mushroom":7,"minecraft:red_mushroom":1,"minecraft:dirt":78,"solo_leveling:magic_crystal":7,"minecraft:dark_oak_pressure_plate":2,"minecraft:string":5,"minecraft:bone":3,"minecraft:wheat_seeds":56,"minecraft:spruce_planks":7,"minecraft:iron_ingot":17,"minecraft:stone_pickaxe":1,"solo_leveling:rune_stone":1,"minecraft:spruce_slab":62,"minecraft:sugar_cane":6,"minecraft:chest":4,"minecraft:stone_hoe":1,"minecraft:dark_oak_stairs":3,"minecraft:furnace":1,"minecraft:dark_oak_door":2,"minecraft:dark_oak_sapling":4,"minecraft:oak_slab":34,"minecraft:stick":14,"minecraft:dark_oak_slab":108,"minecraft:torch":12,"minecraft:gravel":1,"minecraft:oak_pressure_plate":1,"minecraft:sand":24,"minecraft:spruce_sapling":14,"minecraft:spruce_log":55,"minecraft:dark_oak_log":198,"minecraft:mossy_cobblestone":6,"minecraft:dark_oak_planks":328,"minecraft:stone_sword":1,"minecraft:rotten_flesh":4,"solo_leveling:magic_crystalll":26,"minecraft:bone_meal":2,"minecraft:bread":5,"minecraft:dark_oak_fence":2,"minecraft:cobblestone":81},"minecraft:crafted":{"minecraft:stone_shovel":1,"minecraft:spruce_sign":3,"minecraft:dark_oak_stairs":20,"minecraft:spruce_planks":216,"minecraft:iron_helmet":1,"minecraft:dark_oak_sign":3,"minecraft:stone_axe":6,"minecraft:bookshelf":3,"minecraft:bread":3,"minecraft:air":0,"minecraft:glass_pane":160,"minecraft:glass":64,"minecraft:spruce_trapdoor":2,"minecraft:dark_oak_fence":24,"minecraft:dark_oak_slab":204,"minecraft:white_wool":1,"minecraft:iron_boots":1,"minecraft:shield":1,"minecraft:spruce_slab":126,"minecraft:stick":32,"minecraft:wooden_axe":1,"minecraft:iron_leggings":1,"minecraft:white_bed":1,"minecraft:dark_oak_planks":740,"minecraft:torch":36,"minecraft:stone_hoe":1},"minecraft:mined":{"minecraft:dark_oak_planks":360,"minecraft:podzol":37,"minecraft:oak_slab":18,"minecraft:spruce_planks":6,"minecraft:brown_mushroom":4,"minecraft:mossy_cobblestone":6,"minecraft:dark_oak_leaves":2,"minecraft:dark_oak_log":199,"minecraft:torch":1,"minecraft:dark_oak_pressure_plate":1,"minecraft:dark_oak_fence":2,"minecraft:grass_block":4,"minecraft:chest":4,"minecraft:dead_bush":1,"minecraft:oak_pressure_plate":1,"minecraft:spruce_leaves":242,"minecraft:sugar_cane":2,"minecraft:wall_torch":5,"minecraft:coarse_dirt":43,"minecraft:dark_oak_slab":100,"minecraft:furnace":1,"minecraft:dark_oak_door":1,"minecraft:wheat":13,"minecraft:spruce_log":41,"minecraft:dark_oak_stairs":3,"minecraft:grass":57,"minecraft:dark_oak_sapling":3,"solo_leveling:magic_crystal":7,"minecraft:gravel":1,"minecraft:sand":13,"minecraft:dirt":34,"minecraft:red_mushroom_block":1,"minecraft:stone":81,"minecraft:fern":39},"minecraft:custom":{"minecraft:interact_with_furnace":13,"minecraft:mob_kills":27,"minecraft:interact_with_crafting_table":43,"minecraft:leave_game":15,"minecraft:time_since_death":254826,"minecraft:sleep_in_bed":2,"minecraft:time_since_rest":121519,"minecraft:sprint_one_cm":157113,"minecraft:walk_one_cm":1427020,"minecraft:drop":2,"minecraft:damage_dealt":2515,"minecraft:swim_one_cm":4453,"minecraft:fly_one_cm":22788,"minecraft:open_chest":109,"minecraft:crouch_one_cm":89024,"minecraft:play_time":377168,"minecraft:deaths":1,"minecraft:sneak_time":25374,"minecraft:walk_under_water_one_cm":6812,"minecraft:jump":598,"minecraft:interact_with_blast_furnace":1,"minecraft:walk_on_water_one_cm":5761,"minecraft:total_world_time":377168,"minecraft:fall_one_cm":9066},"minecraft:killed":{"minecraft:spider":1,"solo_leveling:goblin_2":8,"minecraft:skeleton":2,"minecraft:zombie":5,"solo_leveling:goblin":6,"minecraft:drowned":1},"minecraft:broken":{"minecraft:stone_axe":4,"minecraft:wooden_axe":1},"minecraft:killed_by":{"minecraft:creeper":1},"minecraft:dropped":{"minecraft:bread":1,"minecraft:dark_oak_slab":1}},"DataVersion":3465}