{"stats":{"minecraft:crafted":{"minecraft:dark_oak_slab":18,"minecraft:dark_oak_planks":16,"minecraft:stone_hoe":1},"minecraft:killed":{"minecraft:spider":1},"minecraft:custom":{"minecraft:time_since_rest":30729,"minecraft:interact_with_furnace":4,"minecraft:sprint_one_cm":14299,"minecraft:walk_one_cm":163518,"minecraft:mob_kills":1,"minecraft:damage_dealt":160,"minecraft:swim_one_cm":4453,"minecraft:interact_with_crafting_table":2,"minecraft:fly_one_cm":3566,"minecraft:open_chest":11,"minecraft:crouch_one_cm":4073,"minecraft:play_time":30729,"minecraft:sneak_time":1287,"minecraft:walk_under_water_one_cm":6812,"minecraft:jump":74,"minecraft:leave_game":1,"minecraft:time_since_death":30729,"minecraft:walk_on_water_one_cm":4425,"minecraft:total_world_time":30729,"minecraft:fall_one_cm":1045},"minecraft:used":{"minecraft:wheat_seeds":7,"minecraft:wooden_axe":8,"minecraft:stone_sword":3,"minecraft:stone_pickaxe":68,"minecraft:dark_oak_slab":9,"minecraft:sugar_cane":6,"minecraft:stone_hoe":7,"minecraft:rotten_flesh":3,"minecraft:dirt":14,"minecraft:dark_oak_sapling":3},"minecraft:picked_up":{"minecraft:dark_oak_sapling":3,"minecraft:stick":2,"minecraft:dark_oak_slab":9,"minecraft:brown_mushroom":3,"minecraft:gravel":1,"minecraft:sand":9,"minecraft:string":1,"minecraft:dirt":4,"minecraft:rotten_flesh":1,"minecraft:wheat_seeds":7,"minecraft:sugar_cane":6,"minecraft:cobblestone":67},"minecraft:mined":{"minecraft:brown_mushroom":3,"minecraft:dark_oak_slab":7,"minecraft:grass":56,"minecraft:dead_bush":1,"minecraft:dark_oak_sapling":3,"minecraft:gravel":1,"minecraft:sand":10,"minecraft:dirt":4,"minecraft:stone":67,"minecraft:sugar_cane":2,"minecraft:fern":27}},"DataVersion":3465}