{"stats":{"minecraft:broken":{"minecraft:stone_axe":4,"minecraft:wooden_axe":1},"minecraft:crafted":{"minecraft:stone_shovel":1,"minecraft:dark_oak_sign":3,"minecraft:bookshelf":3,"minecraft:glass_pane":160,"minecraft:glass":64,"minecraft:dark_oak_fence":24,"minecraft:iron_boots":1,"minecraft:spruce_slab":126,"minecraft:chest":1,"minecraft:dark_oak_planks":776,"minecraft:stone_hoe":1,"minecraft:flower_pot":1,"minecraft:spruce_sign":3,"minecraft:dark_oak_stairs":20,"minecraft:spruce_planks":216,"minecraft:iron_helmet":1,"minecraft:stone_axe":6,"minecraft:bread":3,"minecraft:air":0,"minecraft:spruce_trapdoor":2,"minecraft:dark_oak_slab":204,"minecraft:white_wool":1,"minecraft:shield":1,"minecraft:stick":32,"minecraft:wooden_axe":1,"minecraft:iron_leggings":1,"minecraft:white_bed":1,"minecraft:torch":36},"minecraft:killed":{"minecraft:spider":1,"minecraft:skeleton":2,"minecraft:chicken":1,"minecraft:drowned":1,"solo_leveling:goblin_2":8,"minecraft:zombie":6,"solo_leveling:goblin":6},"minecraft:custom":{"minecraft:mob_kills":30,"minecraft:interact_with_crafting_table":45,"minecraft:leave_game":18,"minecraft:time_since_death":366125,"minecraft:sprint_one_cm":157113,"minecraft:walk_one_cm":1650138,"minecraft:drop":7,"minecraft:play_time":488467,"minecraft:deaths":1,"minecraft:sneak_time":29124,"minecraft:walk_under_water_one_cm":8114,"minecraft:boat_one_cm":73108,"minecraft:jump":755,"minecraft:interact_with_blast_furnace":1,"minecraft:walk_on_water_one_cm":40538,"minecraft:total_world_time":488467,"minecraft:interact_with_furnace":13,"minecraft:pot_flower":1,"minecraft:sleep_in_bed":3,"minecraft:time_since_rest":34465,"minecraft:damage_dealt":2740,"minecraft:swim_one_cm":4453,"minecraft:fly_one_cm":22928,"minecraft:open_chest":123,"minecraft:crouch_one_cm":104538,"minecraft:fall_one_cm":10625},"minecraft:used":{"minecraft:stone_sword":68,"minecraft:stone_shovel":57,"minecraft:spruce_planks":6,"minecraft:chest":5,"minecraft:stone_hoe":19,"minecraft:rotten_flesh":5,"minecraft:torch":42,"minecraft:dirt":74,"minecraft:wooden_axe":85,"minecraft:dark_oak_planks":988,"minecraft:bookshelf":3,"minecraft:dark_oak_slab":326,"minecraft:red_carpet":6,"minecraft:furnace":1,"minecraft:dark_oak_sapling":3,"minecraft:wheat_seeds":75,"minecraft:dark_oak_stairs":23,"minecraft:water_bucket":39,"minecraft:stone_pickaxe":125,"minecraft:dark_oak_sign":3,"minecraft:sugar_cane":6,"minecraft:mossy_cobblestone":9,"minecraft:sand":11,"minecraft:white_bed":1,"minecraft:spruce_log":1,"minecraft:flower_pot":1,"minecraft:dark_oak_log":33,"minecraft:bread":7,"minecraft:spruce_trapdoor":1,"minecraft:stone_axe":700,"minecraft:dark_oak_fence":27,"minecraft:bucket":40,"minecraft:andesite":16,"minecraft:glass_pane":96,"minecraft:oak_boat":1,"minecraft:coarse_dirt":61,"minecraft:bone_meal":18},"minecraft:killed_by":{"minecraft:creeper":1},"minecraft:picked_up":{"minecraft:charcoal":42,"minecraft:coarse_dirt":41,"minecraft:wheat":52,"minecraft:chicken":1,"minecraft:brown_mushroom":7,"minecraft:string":5,"minecraft:dark_oak_pressure_plate":2,"solo_leveling:magic_crystal":7,"minecraft:bucket":1,"minecraft:spruce_planks":7,"minecraft:oak_boat":1,"minecraft:spruce_slab":62,"minecraft:sugar_cane":6,"minecraft:chest":4,"minecraft:egg":1,"minecraft:furnace":1,"minecraft:dark_oak_door":2,"minecraft:dark_oak_sapling":4,"minecraft:stick":14,"minecraft:torch":15,"minecraft:dark_oak_planks":337,"minecraft:stone_sword":1,"minecraft:rotten_flesh":7,"solo_leveling:magic_crystalll":26,"minecraft:cobblestone":81,"minecraft:feather":2,"minecraft:andesite":2,"minecraft:red_mushroom":1,"minecraft:dirt":145,"minecraft:red_carpet":4,"minecraft:bone":3,"minecraft:wheat_seeds":175,"minecraft:iron_ingot":17,"minecraft:stone_pickaxe":1,"solo_leveling:rune_stone":1,"minecraft:stone_hoe":1,"minecraft:dark_oak_stairs":3,"minecraft:oak_slab":34,"minecraft:dark_oak_slab":108,"minecraft:oak_pressure_plate":1,"minecraft:gravel":1,"minecraft:sand":35,"minecraft:spruce_sapling":14,"minecraft:spruce_log":55,"minecraft:dark_oak_log":198,"minecraft:mossy_cobblestone":26,"minecraft:bone_meal":2,"minecraft:bread":5,"minecraft:dark_oak_fence":3},"minecraft:dropped":{"minecraft:bread":1,"minecraft:dark_oak_sapling":1,"minecraft:dark_oak_slab":1,"minecraft:stick":3,"minecraft:rotten_flesh":2,"minecraft:spruce_trapdoor":1,"minecraft:egg":1},"minecraft:mined":{"minecraft:dark_oak_planks":369,"minecraft:red_carpet":1,"minecraft:spruce_planks":6,"minecraft:mossy_cobblestone":26,"minecraft:dark_oak_leaves":2,"minecraft:dark_oak_log":199,"minecraft:dark_oak_pressure_plate":1,"minecraft:dark_oak_fence":3,"minecraft:grass_block":24,"minecraft:oak_pressure_plate":1,"minecraft:spruce_leaves":243,"minecraft:furnace":1,"minecraft:andesite":2,"minecraft:dark_oak_stairs":3,"solo_leveling:magic_crystal":7,"minecraft:stone":81,"minecraft:podzol":52,"minecraft:oak_slab":18,"minecraft:brown_mushroom":4,"minecraft:glass_pane":5,"minecraft:torch":1,"minecraft:chest":4,"minecraft:dead_bush":1,"minecraft:sugar_cane":2,"minecraft:wall_torch":5,"minecraft:coarse_dirt":48,"minecraft:dark_oak_slab":100,"minecraft:dark_oak_door":1,"minecraft:wheat":58,"minecraft:spruce_log":41,"minecraft:grass":58,"minecraft:dark_oak_sapling":3,"minecraft:gravel":1,"minecraft:sand":26,"minecraft:dirt":68,"minecraft:red_mushroom_block":1,"minecraft:fern":39}},"DataVersion":3465}