{"stats":{"minecraft:used":{"minecraft:wheat_seeds":32,"minecraft:dark_oak_stairs":23,"minecraft:stone_sword":68,"minecraft:dark_oak_sign":3,"minecraft:stone_shovel":57,"minecraft:stone_pickaxe":96,"minecraft:chest":4,"minecraft:spruce_planks":6,"minecraft:sugar_cane":6,"minecraft:stone_hoe":19,"minecraft:rotten_flesh":5,"minecraft:torch":33,"minecraft:dirt":45,"minecraft:sand":11,"minecraft:white_bed":1,"minecraft:spruce_log":1,"minecraft:dark_oak_planks":686,"minecraft:wooden_axe":42,"minecraft:bookshelf":3,"minecraft:dark_oak_log":8,"minecraft:bread":7,"minecraft:spruce_trapdoor":1,"minecraft:dark_oak_slab":326,"minecraft:stone_axe":477,"minecraft:furnace":1,"minecraft:dark_oak_fence":22,"minecraft:andesite":16,"minecraft:glass_pane":37,"minecraft:coarse_dirt":31,"minecraft:bone_meal":18,"minecraft:dark_oak_sapling":3},"minecraft:picked_up":{"minecraft:charcoal":42,"minecraft:coarse_dirt":19,"minecraft:wheat":10,"minecraft:brown_mushroom":7,"minecraft:red_mushroom":1,"minecraft:dirt":68,"solo_leveling:magic_crystal":7,"minecraft:dark_oak_pressure_plate":2,"minecraft:string":5,"minecraft:bone":3,"minecraft:wheat_seeds":56,"minecraft:spruce_planks":7,"minecraft:iron_ingot":17,"minecraft:stone_pickaxe":1,"solo_leveling:rune_stone":1,"minecraft:spruce_slab":62,"minecraft:sugar_cane":6,"minecraft:chest":4,"minecraft:stone_hoe":1,"minecraft:dark_oak_stairs":3,"minecraft:furnace":1,"minecraft:dark_oak_door":2,"minecraft:dark_oak_sapling":3,"minecraft:oak_slab":34,"minecraft:stick":9,"minecraft:dark_oak_slab":108,"minecraft:torch":11,"minecraft:gravel":1,"minecraft:oak_pressure_plate":1,"minecraft:sand":24,"minecraft:spruce_sapling":10,"minecraft:spruce_log":43,"minecraft:dark_oak_log":108,"minecraft:mossy_cobblestone":6,"minecraft:dark_oak_planks":275,"minecraft:stone_sword":1,"minecraft:rotten_flesh":4,"solo_leveling:magic_crystalll":26,"minecraft:bone_meal":2,"minecraft:bread":5,"minecraft:cobblestone":81},"minecraft:crafted":{"minecraft:stone_shovel":1,"minecraft:spruce_sign":3,"minecraft:dark_oak_stairs":20,"minecraft:spruce_planks":168,"minecraft:iron_helmet":1,"minecraft:dark_oak_sign":3,"minecraft:stone_axe":5,"minecraft:bookshelf":3,"minecraft:bread":3,"minecraft:air":0,"minecraft:glass_pane":160,"minecraft:glass":64,"minecraft:spruce_trapdoor":2,"minecraft:dark_oak_fence":24,"minecraft:dark_oak_slab":204,"minecraft:white_wool":1,"minecraft:iron_boots":1,"minecraft:shield":1,"minecraft:spruce_slab":126,"minecraft:stick":32,"minecraft:iron_leggings":1,"minecraft:white_bed":1,"minecraft:dark_oak_planks":524,"minecraft:torch":36,"minecraft:stone_hoe":1},"minecraft:mined":{"minecraft:dark_oak_planks":255,"minecraft:podzol":37,"minecraft:oak_slab":18,"minecraft:spruce_planks":6,"minecraft:brown_mushroom":4,"minecraft:mossy_cobblestone":6,"minecraft:dark_oak_log":108,"minecraft:torch":1,"minecraft:dark_oak_pressure_plate":1,"minecraft:grass_block":4,"minecraft:chest":4,"minecraft:dead_bush":1,"minecraft:oak_pressure_plate":1,"minecraft:spruce_leaves":130,"minecraft:sugar_cane":2,"minecraft:wall_torch":4,"minecraft:coarse_dirt":24,"minecraft:dark_oak_slab":100,"minecraft:furnace":1,"minecraft:dark_oak_door":1,"minecraft:wheat":13,"minecraft:spruce_log":29,"minecraft:dark_oak_stairs":3,"minecraft:grass":57,"minecraft:dark_oak_sapling":3,"solo_leveling:magic_crystal":7,"minecraft:gravel":1,"minecraft:sand":13,"minecraft:dirt":22,"minecraft:red_mushroom_block":1,"minecraft:stone":81,"minecraft:fern":39},"minecraft:custom":{"minecraft:interact_with_furnace":13,"minecraft:mob_kills":27,"minecraft:interact_with_crafting_table":41,"minecraft:leave_game":12,"minecraft:time_since_death":168851,"minecraft:sleep_in_bed":2,"minecraft:time_since_rest":35544,"minecraft:sprint_one_cm":146487,"minecraft:walk_one_cm":1266786,"minecraft:drop":2,"minecraft:damage_dealt":2515,"minecraft:swim_one_cm":4453,"minecraft:fly_one_cm":22424,"minecraft:open_chest":105,"minecraft:crouch_one_cm":60931,"minecraft:play_time":291193,"minecraft:deaths":1,"minecraft:sneak_time":17282,"minecraft:walk_under_water_one_cm":6812,"minecraft:jump":506,"minecraft:interact_with_blast_furnace":1,"minecraft:walk_on_water_one_cm":4989,"minecraft:total_world_time":291193,"minecraft:fall_one_cm":8193},"minecraft:killed":{"minecraft:spider":1,"solo_leveling:goblin_2":8,"minecraft:skeleton":2,"minecraft:zombie":5,"solo_leveling:goblin":6,"minecraft:drowned":1},"minecraft:broken":{"minecraft:stone_axe":2,"minecraft:wooden_axe":1},"minecraft:killed_by":{"minecraft:creeper":1},"minecraft:dropped":{"minecraft:bread":1,"minecraft:dark_oak_slab":1}},"DataVersion":3465}