{"stats":{"minecraft:used":{"minecraft:wheat_seeds":32,"minecraft:dark_oak_stairs":23,"minecraft:stone_sword":38,"minecraft:stone_shovel":57,"minecraft:stone_pickaxe":93,"minecraft:chest":4,"minecraft:spruce_planks":5,"minecraft:sugar_cane":6,"minecraft:stone_hoe":19,"minecraft:rotten_flesh":5,"minecraft:torch":25,"minecraft:dirt":29,"minecraft:sand":11,"minecraft:white_bed":1,"minecraft:spruce_log":1,"minecraft:dark_oak_planks":571,"minecraft:wooden_axe":42,"minecraft:dark_oak_log":8,"minecraft:bread":6,"minecraft:dark_oak_slab":281,"minecraft:stone_axe":330,"minecraft:furnace":1,"minecraft:andesite":16,"minecraft:coarse_dirt":29,"minecraft:bone_meal":18,"minecraft:dark_oak_sapling":3},"minecraft:picked_up":{"minecraft:charcoal":42,"minecraft:coarse_dirt":15,"minecraft:wheat":10,"minecraft:brown_mushroom":7,"minecraft:red_mushroom":1,"minecraft:dirt":63,"solo_leveling:magic_crystal":4,"minecraft:dark_oak_pressure_plate":1,"minecraft:string":5,"minecraft:bone":3,"minecraft:wheat_seeds":56,"minecraft:spruce_planks":6,"minecraft:iron_ingot":17,"minecraft:stone_pickaxe":1,"solo_leveling:rune_stone":1,"minecraft:spruce_slab":62,"minecraft:sugar_cane":6,"minecraft:chest":4,"minecraft:stone_hoe":1,"minecraft:dark_oak_stairs":3,"minecraft:furnace":1,"minecraft:dark_oak_door":2,"minecraft:dark_oak_sapling":3,"minecraft:oak_slab":34,"minecraft:stick":6,"minecraft:dark_oak_slab":108,"minecraft:torch":6,"minecraft:gravel":1,"minecraft:oak_pressure_plate":1,"minecraft:sand":23,"minecraft:spruce_sapling":5,"minecraft:spruce_log":33,"minecraft:dark_oak_log":108,"minecraft:mossy_cobblestone":6,"minecraft:dark_oak_planks":178,"minecraft:stone_sword":1,"minecraft:rotten_flesh":4,"solo_leveling:magic_crystalll":7,"minecraft:bone_meal":2,"minecraft:bread":5,"minecraft:cobblestone":81},"minecraft:crafted":{"minecraft:stone_shovel":1,"minecraft:spruce_sign":3,"minecraft:dark_oak_stairs":20,"minecraft:spruce_planks":72,"minecraft:iron_helmet":1,"minecraft:stone_axe":4,"minecraft:bread":3,"minecraft:dark_oak_slab":144,"minecraft:white_wool":1,"minecraft:iron_boots":1,"minecraft:shield":1,"minecraft:spruce_slab":126,"minecraft:stick":12,"minecraft:iron_leggings":1,"minecraft:white_bed":1,"minecraft:dark_oak_planks":524,"minecraft:torch":28,"minecraft:stone_hoe":1},"minecraft:mined":{"minecraft:dark_oak_planks":144,"minecraft:podzol":36,"minecraft:oak_slab":18,"minecraft:spruce_planks":5,"minecraft:brown_mushroom":4,"minecraft:mossy_cobblestone":6,"minecraft:dark_oak_log":108,"minecraft:torch":1,"minecraft:grass_block":4,"minecraft:chest":4,"minecraft:dead_bush":1,"minecraft:oak_pressure_plate":1,"minecraft:spruce_leaves":23,"minecraft:sugar_cane":2,"minecraft:coarse_dirt":20,"minecraft:dark_oak_slab":100,"minecraft:furnace":1,"minecraft:dark_oak_door":1,"minecraft:wheat":13,"minecraft:spruce_log":19,"minecraft:dark_oak_stairs":3,"minecraft:grass":57,"minecraft:dark_oak_sapling":3,"solo_leveling:magic_crystal":4,"minecraft:gravel":1,"minecraft:sand":13,"minecraft:dirt":18,"minecraft:red_mushroom_block":1,"minecraft:stone":81,"minecraft:fern":39},"minecraft:custom":{"minecraft:interact_with_furnace":12,"minecraft:mob_kills":16,"minecraft:interact_with_crafting_table":33,"minecraft:leave_game":11,"minecraft:time_since_death":85031,"minecraft:time_since_rest":85173,"minecraft:sprint_one_cm":97429,"minecraft:walk_one_cm":948442,"minecraft:drop":2,"minecraft:damage_dealt":1997,"minecraft:swim_one_cm":4453,"minecraft:fly_one_cm":15733,"minecraft:open_chest":91,"minecraft:crouch_one_cm":44488,"minecraft:play_time":207373,"minecraft:deaths":1,"minecraft:sneak_time":13099,"minecraft:walk_under_water_one_cm":6812,"minecraft:jump":451,"minecraft:interact_with_blast_furnace":1,"minecraft:walk_on_water_one_cm":4989,"minecraft:total_world_time":207373,"minecraft:fall_one_cm":7273},"minecraft:killed":{"minecraft:spider":1,"solo_leveling:goblin_2":5,"minecraft:skeleton":2,"minecraft:zombie":5,"solo_leveling:goblin":2,"minecraft:drowned":1},"minecraft:broken":{"minecraft:stone_axe":1,"minecraft:wooden_axe":1},"minecraft:killed_by":{"minecraft:creeper":1},"minecraft:dropped":{"minecraft:bread":1,"minecraft:dark_oak_slab":1}},"DataVersion":3465}