{"stats":{"minecraft:crafted":{"minecraft:dark_oak_slab":144,"minecraft:spruce_slab":126,"minecraft:spruce_planks":72,"minecraft:dark_oak_planks":88,"minecraft:torch":16,"minecraft:stone_hoe":1,"minecraft:stone_axe":1,"minecraft:bread":3},"minecraft:killed":{"minecraft:skeleton":2,"minecraft:zombie":1,"minecraft:spider":1,"minecraft:drowned":1},"minecraft:custom":{"minecraft:time_since_rest":78176,"minecraft:sprint_one_cm":34965,"minecraft:interact_with_furnace":5,"minecraft:walk_one_cm":383917,"minecraft:mob_kills":5,"minecraft:drop":1,"minecraft:damage_dealt":960,"minecraft:swim_one_cm":4453,"minecraft:interact_with_crafting_table":12,"minecraft:fly_one_cm":6140,"minecraft:open_chest":24,"minecraft:crouch_one_cm":22465,"minecraft:play_time":78176,"minecraft:sneak_time":6934,"minecraft:walk_under_water_one_cm":6812,"minecraft:jump":188,"minecraft:leave_game":4,"minecraft:time_since_death":78176,"minecraft:walk_on_water_one_cm":4425,"minecraft:total_world_time":78176,"minecraft:fall_one_cm":1045},"minecraft:used":{"minecraft:wheat_seeds":32,"minecraft:stone_sword":12,"minecraft:bread":2,"minecraft:stone_pickaxe":68,"minecraft:dark_oak_slab":193,"minecraft:sugar_cane":6,"minecraft:stone_hoe":19,"minecraft:rotten_flesh":5,"minecraft:stone_axe":54,"minecraft:torch":8,"minecraft:dirt":29,"minecraft:coarse_dirt":4,"minecraft:spruce_log":1,"minecraft:bone_meal":18,"minecraft:wooden_axe":33,"minecraft:dark_oak_sapling":3},"minecraft:picked_up":{"minecraft:dark_oak_sapling":3,"minecraft:stick":6,"minecraft:coarse_dirt":4,"minecraft:wheat":10,"minecraft:dark_oak_slab":67,"minecraft:brown_mushroom":3,"minecraft:gravel":1,"minecraft:sand":12,"minecraft:spruce_sapling":4,"minecraft:spruce_log":19,"minecraft:dirt":13,"minecraft:string":1,"minecraft:bone":3,"minecraft:rotten_flesh":3,"minecraft:wheat_seeds":40,"minecraft:sugar_cane":6,"minecraft:cobblestone":67},"minecraft:dropped":{"minecraft:bread":1},"minecraft:mined":{"minecraft:coarse_dirt":9,"minecraft:brown_mushroom":3,"minecraft:dark_oak_slab":60,"minecraft:wheat":13,"minecraft:spruce_log":19,"minecraft:grass":56,"minecraft:grass_block":4,"minecraft:dead_bush":1,"minecraft:dark_oak_sapling":3,"minecraft:gravel":1,"minecraft:sand":13,"minecraft:dirt":7,"minecraft:spruce_leaves":7,"minecraft:stone":67,"minecraft:sugar_cane":2,"minecraft:fern":30}},"DataVersion":3465}