{"stats":{"minecraft:broken":{"minecraft:stone_axe":1,"minecraft:wooden_axe":1},"minecraft:crafted":{"minecraft:spruce_sign":3,"minecraft:dark_oak_stairs":20,"minecraft:spruce_planks":72,"minecraft:stone_axe":3,"minecraft:bread":3,"minecraft:dark_oak_slab":144,"minecraft:spruce_slab":126,"minecraft:stick":12,"minecraft:dark_oak_planks":524,"minecraft:torch":28,"minecraft:stone_hoe":1},"minecraft:killed":{"minecraft:spider":1,"minecraft:skeleton":2,"minecraft:zombie":5,"minecraft:drowned":1},"minecraft:custom":{"minecraft:interact_with_furnace":12,"minecraft:mob_kills":9,"minecraft:interact_with_crafting_table":28,"minecraft:leave_game":10,"minecraft:time_since_death":34846,"minecraft:time_since_rest":34988,"minecraft:sprint_one_cm":68580,"minecraft:walk_one_cm":778919,"minecraft:drop":2,"minecraft:damage_dealt":1619,"minecraft:swim_one_cm":4453,"minecraft:fly_one_cm":7135,"minecraft:open_chest":60,"minecraft:crouch_one_cm":43149,"minecraft:play_time":157188,"minecraft:deaths":1,"minecraft:sneak_time":12419,"minecraft:walk_under_water_one_cm":6812,"minecraft:jump":359,"minecraft:interact_with_blast_furnace":1,"minecraft:walk_on_water_one_cm":4425,"minecraft:total_world_time":157188,"minecraft:fall_one_cm":5782},"minecraft:used":{"minecraft:wheat_seeds":32,"minecraft:dark_oak_stairs":23,"minecraft:stone_sword":12,"minecraft:stone_pickaxe":89,"minecraft:chest":4,"minecraft:spruce_planks":5,"minecraft:sugar_cane":6,"minecraft:stone_hoe":19,"minecraft:rotten_flesh":5,"minecraft:torch":25,"minecraft:dirt":29,"minecraft:sand":11,"minecraft:spruce_log":1,"minecraft:wooden_axe":42,"minecraft:dark_oak_planks":551,"minecraft:dark_oak_log":8,"minecraft:bread":2,"minecraft:dark_oak_slab":281,"minecraft:stone_axe":306,"minecraft:furnace":1,"minecraft:andesite":14,"minecraft:coarse_dirt":29,"minecraft:bone_meal":18,"minecraft:dark_oak_sapling":3},"minecraft:killed_by":{"minecraft:creeper":1},"minecraft:picked_up":{"minecraft:charcoal":42,"minecraft:coarse_dirt":6,"minecraft:wheat":10,"minecraft:brown_mushroom":3,"minecraft:red_mushroom":1,"minecraft:dirt":16,"minecraft:dark_oak_pressure_plate":1,"minecraft:string":5,"minecraft:bone":3,"minecraft:wheat_seeds":55,"minecraft:spruce_planks":6,"minecraft:iron_ingot":17,"minecraft:stone_pickaxe":1,"solo_leveling:rune_stone":1,"minecraft:spruce_slab":62,"minecraft:sugar_cane":6,"minecraft:chest":4,"minecraft:stone_hoe":1,"minecraft:dark_oak_stairs":3,"minecraft:furnace":1,"minecraft:dark_oak_door":2,"minecraft:dark_oak_sapling":3,"minecraft:oak_slab":34,"minecraft:stick":6,"minecraft:dark_oak_slab":108,"minecraft:torch":5,"minecraft:oak_pressure_plate":1,"minecraft:gravel":1,"minecraft:sand":23,"minecraft:spruce_sapling":5,"minecraft:spruce_log":19,"minecraft:dark_oak_log":108,"minecraft:mossy_cobblestone":6,"minecraft:dark_oak_planks":155,"minecraft:stone_sword":1,"minecraft:rotten_flesh":4,"minecraft:bone_meal":2,"minecraft:cobblestone":81},"minecraft:dropped":{"minecraft:bread":1,"minecraft:dark_oak_slab":1},"minecraft:mined":{"minecraft:dark_oak_planks":120,"minecraft:oak_slab":18,"minecraft:spruce_planks":5,"minecraft:brown_mushroom":3,"minecraft:mossy_cobblestone":6,"minecraft:dark_oak_log":108,"minecraft:torch":1,"minecraft:grass_block":4,"minecraft:chest":4,"minecraft:dead_bush":1,"minecraft:oak_pressure_plate":1,"minecraft:spruce_leaves":23,"minecraft:sugar_cane":2,"minecraft:coarse_dirt":11,"minecraft:dark_oak_slab":100,"minecraft:furnace":1,"minecraft:dark_oak_door":1,"minecraft:wheat":13,"minecraft:spruce_log":19,"minecraft:dark_oak_stairs":3,"minecraft:grass":57,"minecraft:dark_oak_sapling":3,"minecraft:gravel":1,"minecraft:sand":13,"minecraft:dirt":7,"minecraft:red_mushroom_block":1,"minecraft:stone":81,"minecraft:fern":38}},"DataVersion":3465}