{"stats":{"minecraft:broken":{"minecraft:wooden_axe":1},"minecraft:crafted":{"minecraft:spruce_sign":3,"minecraft:dark_oak_stairs":20,"minecraft:spruce_planks":72,"minecraft:stone_axe":2,"minecraft:bread":3,"minecraft:dark_oak_slab":144,"minecraft:spruce_slab":126,"minecraft:stick":4,"minecraft:dark_oak_planks":124,"minecraft:torch":20,"minecraft:stone_hoe":1},"minecraft:killed":{"minecraft:spider":1,"minecraft:skeleton":2,"minecraft:zombie":1,"minecraft:drowned":1},"minecraft:custom":{"minecraft:interact_with_furnace":8,"minecraft:mob_kills":5,"minecraft:interact_with_crafting_table":20,"minecraft:leave_game":6,"minecraft:time_since_death":104797,"minecraft:time_since_rest":104797,"minecraft:sprint_one_cm":39337,"minecraft:walk_one_cm":509643,"minecraft:drop":2,"minecraft:damage_dealt":960,"minecraft:swim_one_cm":4453,"minecraft:fly_one_cm":6140,"minecraft:open_chest":32,"minecraft:crouch_one_cm":24196,"minecraft:play_time":104797,"minecraft:sneak_time":7394,"minecraft:walk_under_water_one_cm":6812,"minecraft:jump":228,"minecraft:walk_on_water_one_cm":4425,"minecraft:total_world_time":104797,"minecraft:fall_one_cm":1045},"minecraft:used":{"minecraft:dark_oak_stairs":23,"minecraft:wheat_seeds":32,"minecraft:stone_sword":12,"minecraft:stone_pickaxe":69,"minecraft:spruce_planks":5,"minecraft:sugar_cane":6,"minecraft:stone_hoe":19,"minecraft:rotten_flesh":5,"minecraft:torch":8,"minecraft:dirt":29,"minecraft:spruce_log":1,"minecraft:dark_oak_planks":102,"minecraft:wooden_axe":42,"minecraft:bread":2,"minecraft:dark_oak_slab":281,"minecraft:stone_axe":60,"minecraft:furnace":1,"minecraft:coarse_dirt":4,"minecraft:bone_meal":18,"minecraft:dark_oak_sapling":3},"minecraft:picked_up":{"minecraft:coarse_dirt":4,"minecraft:wheat":10,"minecraft:brown_mushroom":3,"minecraft:string":1,"minecraft:dirt":13,"minecraft:bone":3,"minecraft:wheat_seeds":40,"minecraft:spruce_planks":5,"minecraft:sugar_cane":6,"minecraft:dark_oak_stairs":3,"minecraft:furnace":1,"minecraft:dark_oak_sapling":3,"minecraft:stick":6,"minecraft:dark_oak_slab":105,"minecraft:gravel":1,"minecraft:sand":12,"minecraft:spruce_sapling":4,"minecraft:spruce_log":19,"minecraft:dark_oak_planks":13,"minecraft:rotten_flesh":3,"minecraft:cobblestone":67},"minecraft:dropped":{"minecraft:bread":1,"minecraft:dark_oak_slab":1},"minecraft:mined":{"minecraft:dark_oak_planks":13,"minecraft:spruce_planks":5,"minecraft:brown_mushroom":3,"minecraft:grass_block":4,"minecraft:dead_bush":1,"minecraft:spruce_leaves":7,"minecraft:sugar_cane":2,"minecraft:coarse_dirt":9,"minecraft:dark_oak_slab":97,"minecraft:furnace":1,"minecraft:wheat":13,"minecraft:spruce_log":19,"minecraft:dark_oak_stairs":3,"minecraft:grass":56,"minecraft:dark_oak_sapling":3,"minecraft:gravel":1,"minecraft:sand":13,"minecraft:dirt":7,"minecraft:stone":67,"minecraft:fern":30}},"DataVersion":3465}