{"stats":{"minecraft:used":{"minecraft:dark_oak_log":1,"minecraft:chicken":1,"minecraft:bread":17,"minecraft:iron_pickaxe":24,"minecraft:iron_sword":63,"minecraft:brown_mushroom":1,"minecraft:torch":2,"minecraft:sand":7,"minecraft:white_carpet":1,"minecraft:cooked_porkchop":6,"solo_leveling:silver_spear":20},"minecraft:picked_up":{"minecraft:dark_oak_sapling":3,"minecraft:stick":8,"minecraft:feather":1,"minecraft:chicken":1,"minecraft:cooked_porkchop":2,"minecraft:lead":1,"minecraft:brown_mushroom":21,"minecraft:torch":2,"minecraft:sand":7,"minecraft:gunpowder":5,"minecraft:dark_oak_log":7,"solo_leveling:magic_crystal":24,"minecraft:white_carpet":1,"minecraft:bone":4,"minecraft:arrow":84,"solo_leveling:dark_bow":2,"minecraft:rotten_flesh":1,"minecraft:wheat_seeds":1,"solo_leveling:magic_crystalll":23,"minecraft:bread":3,"minecraft:iron_pickaxe":2,"minecraft:iron_sword":1},"minecraft:crafted":{"minecraft:iron_chestplate":1,"minecraft:iron_boots":1,"minecraft:iron_pickaxe":1,"minecraft:iron_helmet":1,"minecraft:iron_sword":1,"minecraft:iron_leggings":1},"minecraft:mined":{"minecraft:brown_mushroom":21,"minecraft:white_carpet":1,"minecraft:dark_oak_log":5,"minecraft:grass":1,"solo_leveling:magic_crystal":23,"minecraft:sand":7,"minecraft:spruce_leaves":1},"minecraft:custom":{"minecraft:time_since_rest":115389,"minecraft:sprint_one_cm":318148,"minecraft:damage_taken":30,"minecraft:walk_one_cm":514438,"minecraft:mob_kills":33,"minecraft:drop":12,"minecraft:damage_dealt":3409,"minecraft:interact_with_crafting_table":6,"minecraft:fly_one_cm":100325,"minecraft:talked_to_villager":3,"minecraft:open_chest":45,"minecraft:crouch_one_cm":306,"minecraft:play_time":139812,"minecraft:deaths":2,"minecraft:sneak_time":158,"minecraft:jump":560,"minecraft:leave_game":21,"minecraft:time_since_death":115328,"minecraft:walk_on_water_one_cm":6515,"minecraft:sleep_in_bed":1,"minecraft:total_world_time":139812,"minecraft:fall_one_cm":12919},"minecraft:killed":{"minecraft:skeleton":4,"solo_leveling:giga_goblin":2,"minecraft:zombie":2,"minecraft:chicken":1,"solo_leveling:serpent":1,"solo_leveling:goblin":9,"solo_leveling:goblin_2":8,"minecraft:creeper":3},"minecraft:killed_by":{"solo_leveling:centipie":1,"solo_leveling:goblin_2":1},"minecraft:dropped":{"minecraft:bread":5,"minecraft:dark_oak_log":3,"solo_leveling:dark_bow":1,"solo_leveling:magic_crystalll":2,"minecraft:feather":1}},"DataVersion":3465}