{"stats":{"minecraft:broken":{"minecraft:stone_pickaxe":1,"minecraft:iron_pickaxe":3},"minecraft:crafted":{"minecraft:oak_planks":12,"minecraft:furnace":1,"minecraft:cooked_mutton":9,"minecraft:glass":52,"minecraft:iron_boots":1,"minecraft:stone_pickaxe":1,"minecraft:copper_block":4,"minecraft:cooked_beef":2,"minecraft:crafting_table":3,"minecraft:baked_potato":29,"minecraft:iron_helmet":1,"minecraft:iron_sword":1,"minecraft:copper_ingot":21,"minecraft:bucket":6,"sophisticatedbackpacks:upgrade_base":2,"minecraft:bread":49,"minecraft:air":0,"minecraft:oak_boat":1,"minecraft:iron_chestplate":1,"minecraft:stick":20,"minecraft:iron_ingot":48,"minecraft:iron_pickaxe":3,"minecraft:iron_shovel":1,"minecraft:iron_leggings":1,"minecraft:torch":76},"minecraft:killed":{"solo_leveling:hobgoblin_club":4,"minecraft:witch":1,"minecraft:vindicator":1,"minecraft:spider":10,"minecraft:phantom":5,"minecraft:skeleton":15,"minecraft:chicken":1,"solo_leveling:hobgoblin_bomber":2,"solo_leveling:giga_goblin":2,"solo_leveling:goblin_2":15,"minecraft:creeper":17,"minecraft:sheep":7,"minecraft:pillager":5,"minecraft:zombie":29,"solo_leveling:serpent":1,"solo_leveling:goblin":15,"minecraft:villager":2,"minecraft:cow":1,"minecraft:enderman":1},"minecraft:custom":{"minecraft:mob_kills":163,"minecraft:interact_with_crafting_table":45,"minecraft:bell_ring":9,"minecraft:leave_game":29,"minecraft:time_since_death":3364,"minecraft:climb_one_cm":6362,"minecraft:sprint_one_cm":924148,"minecraft:walk_one_cm":2057210,"minecraft:drop":21,"minecraft:talked_to_villager":34,"minecraft:play_time":462779,"minecraft:deaths":5,"minecraft:sneak_time":8353,"minecraft:walk_under_water_one_cm":60607,"minecraft:boat_one_cm":136791,"minecraft:jump":2752,"minecraft:interact_with_blast_furnace":11,"minecraft:walk_on_water_one_cm":135491,"minecraft:total_world_time":462779,"minecraft:interact_with_furnace":18,"minecraft:raid_trigger":1,"minecraft:interact_with_stonecutter":1,"minecraft:sleep_in_bed":5,"minecraft:time_since_rest":3547,"minecraft:damage_taken":30,"minecraft:damage_dealt":19679,"minecraft:swim_one_cm":42497,"minecraft:fly_one_cm":350034,"minecraft:open_chest":135,"minecraft:crouch_one_cm":31638,"minecraft:interact_with_smoker":1,"minecraft:fall_one_cm":43415},"minecraft:used":{"sophisticatedbackpacks:iron_backpack":3,"minecraft:iron_shovel":7,"minecraft:carved_pumpkin":1,"minecraft:iron_sword":67,"minecraft:bell":2,"minecraft:rotten_flesh":2,"minecraft:torch":45,"minecraft:mutton":2,"minecraft:white_carpet":3,"minecraft:cod_bucket":1,"minecraft:salmon_bucket":1,"minecraft:granite":21,"minecraft:axolotl_bucket":10,"minecraft:flowering_azalea":1,"minecraft:red_carpet":26,"minecraft:furnace":1,"minecraft:egg":4,"minecraft:cooked_beef":1,"minecraft:potato":1,"solo_leveling:silver_spear":240,"minecraft:wheat_seeds":182,"minecraft:water_bucket":50,"minecraft:lead":1,"minecraft:stone_pickaxe":132,"minecraft:baked_potato":7,"minecraft:brown_mushroom":1,"minecraft:blue_bed":3,"minecraft:sugar_cane":13,"minecraft:golden_apple":1,"minecraft:mossy_cobblestone":2,"minecraft:sand":56,"minecraft:crafting_table":6,"minecraft:shears":14,"minecraft:pumpkin_seeds":2,"minecraft:dark_oak_log":1,"minecraft:chicken":1,"minecraft:bread":64,"minecraft:iron_pickaxe":1007,"minecraft:cobblestone":192,"minecraft:purple_bed":8,"minecraft:white_banner":2,"minecraft:cooked_porkchop":6,"minecraft:bucket":69,"minecraft:oak_boat":5,"minecraft:chest_minecart":1,"minecraft:tropical_fish_bucket":1},"minecraft:killed_by":{"solo_leveling:hobgoblin_bomber":1,"solo_leveling:hobgoblin_assassin":1,"solo_leveling:centipie":1,"solo_leveling:goblin_2":1,"minecraft:skeleton":1},"minecraft:picked_up":{"minecraft:iron_chestplate":2,"minecraft:crafting_table":6,"minecraft:wheat":148,"minecraft:chicken":1,"minecraft:clay_ball":28,"minecraft:chest_minecart":3,"minecraft:brown_mushroom":21,"minecraft:lead":13,"minecraft:cod_bucket":2,"minecraft:moss_carpet":1,"minecraft:string":12,"solo_leveling:magic_crystal":47,"minecraft:raw_copper":67,"minecraft:iron_leggings":1,"solo_leveling:silver_spear":1,"minecraft:iron_shovel":1,"minecraft:white_carpet":3,"minecraft:cobbled_deepslate":8,"minecraft:beef":2,"minecraft:oak_boat":5,"minecraft:azalea":1,"minecraft:light_gray_wool":2,"minecraft:iron_nugget":4,"minecraft:iron_pickaxe":4,"minecraft:sugar_cane":209,"minecraft:phantom_membrane":3,"minecraft:egg":4,"minecraft:iron_boots":1,"minecraft:dark_oak_sapling":3,"minecraft:stick":11,"minecraft:raw_iron":73,"minecraft:sandstone":14,"minecraft:big_dripleaf":6,"minecraft:torch":26,"minecraft:diorite":64,"minecraft:redstone":14,"minecraft:rotten_flesh":41,"solo_leveling:dark_bow":3,"minecraft:arrow":120,"minecraft:tropical_fish":5,"minecraft:beetroot_seeds":2,"solo_leveling:magic_crystalll":83,"minecraft:carved_pumpkin":1,"minecraft:gold_ingot":1,"minecraft:glow_berries":13,"minecraft:mutton":11,"minecraft:white_wool":5,"minecraft:rail":29,"minecraft:cobblestone":551,"minecraft:magma_block":1,"minecraft:feather":1,"minecraft:water_bucket":1,"minecraft:salmon":2,"minecraft:andesite":5,"minecraft:brown_wool":1,"minecraft:smoker":2,"minecraft:potato":26,"minecraft:oak_log":3,"minecraft:golden_boots":1,"minecraft:gunpowder":18,"minecraft:blue_bed":3,"minecraft:lapis_lazuli":68,"minecraft:dirt":13,"minecraft:white_banner":2,"minecraft:red_carpet":26,"minecraft:bone":26,"minecraft:bow":2,"minecraft:wheat_seeds":430,"minecraft:bell":2,"minecraft:spore_blossom":2,"minecraft:iron_ingot":2,"minecraft:flowering_azalea":2,"minecraft:moss_block":50,"minecraft:oak_planks":14,"minecraft:iron_sword":2,"minecraft:cooked_porkchop":2,"minecraft:sweet_berries":37,"minecraft:sand":59,"minecraft:amethyst_shard":4,"sophisticatedbackpacks:iron_backpack":5,"minecraft:dark_oak_log":7,"minecraft:spider_eye":9,"minecraft:mossy_cobblestone":2,"minecraft:pumpkin_seeds":10,"minecraft:purple_bed":8,"minecraft:diamond":3,"minecraft:iron_helmet":2,"minecraft:crossbow":1,"minecraft:granite":50,"minecraft:golden_apple":2,"minecraft:emerald":1,"minecraft:bread":29,"minecraft:oak_sapling":2,"minecraft:coal":223,"minecraft:oak_leaves":22},"minecraft:dropped":{"minecraft:bread":5,"minecraft:wheat_seeds":4,"solo_leveling:dark_bow":1,"minecraft:feather":1,"minecraft:dark_oak_log":3,"minecraft:bucket":1,"minecraft:moss_carpet":1,"minecraft:sugar_cane":6,"solo_leveling:magic_crystalll":2,"minecraft:pumpkin_seeds":4,"minecraft:oak_leaves":22},"minecraft:mined":{"minecraft:large_amethyst_bud":2,"minecraft:red_carpet":29,"minecraft:mossy_cobblestone":3,"minecraft:deepslate_diamond_ore":3,"minecraft:dark_oak_log":5,"minecraft:carved_pumpkin":1,"minecraft:cave_vines_plant":7,"minecraft:granite":50,"minecraft:grass_block":1,"sophisticatedbackpacks:iron_backpack":3,"minecraft:spruce_leaves":7,"minecraft:moss_block":72,"minecraft:sandstone":14,"minecraft:large_fern":2,"minecraft:spore_blossom":2,"minecraft:magma_block":1,"minecraft:redstone_ore":1,"minecraft:iron_ore":54,"minecraft:andesite":6,"minecraft:deepslate_lapis_ore":8,"minecraft:big_dripleaf_stem":1,"minecraft:bell":2,"minecraft:cave_vines":7,"minecraft:deepslate_iron_ore":19,"minecraft:vine":9,"minecraft:small_amethyst_bud":1,"solo_leveling:magic_crystal":38,"minecraft:azalea":1,"minecraft:stone":602,"minecraft:deepslate_redstone_ore":2,"minecraft:flowering_azalea":1,"minecraft:brown_mushroom":21,"minecraft:smoker":2,"minecraft:medium_amethyst_bud":2,"minecraft:amethyst_cluster":1,"minecraft:clay":7,"minecraft:crafting_table":4,"minecraft:torch":1,"minecraft:tall_grass":6,"minecraft:copper_ore":19,"minecraft:cobblestone":28,"minecraft:lapis_ore":4,"minecraft:blue_bed":3,"minecraft:sugar_cane":117,"minecraft:oak_planks":14,"minecraft:diorite":65,"minecraft:wall_torch":8,"minecraft:big_dripleaf":3,"minecraft:purple_bed":9,"minecraft:wheat":185,"minecraft:sweet_berry_bush":4,"minecraft:white_carpet":3,"minecraft:birch_leaves":2,"minecraft:yellow_stained_glass_pane":1,"minecraft:grass":2,"minecraft:oak_log":3,"minecraft:coal_ore":96,"minecraft:gravel":4,"minecraft:sand":58,"minecraft:dirt":8,"minecraft:small_dripleaf":2,"minecraft:oak_leaves":29,"minecraft:deepslate":31}},"DataVersion":3465}