{"stats":{"minecraft:broken":{"minecraft:stone_pickaxe":1,"minecraft:iron_pickaxe":8},"minecraft:crafted":{"minecraft:smooth_stone":11,"minecraft:oak_planks":12,"minecraft:stone":11,"sophisticatedbackpacks:crafting_upgrade":1,"minecraft:cooked_mutton":9,"minecraft:glass":52,"minecraft:hopper":1,"minecraft:iron_boots":1,"minecraft:chest":2,"minecraft:copper_block":12,"minecraft:crafting_table":6,"minecraft:spruce_planks":44,"minecraft:baked_potato":53,"minecraft:iron_helmet":1,"minecraft:copper_ingot":236,"sophisticatedbackpacks:upgrade_base":4,"minecraft:iron_chestplate":1,"minecraft:stick":56,"minecraft:iron_ingot":94,"minecraft:iron_pickaxe":8,"minecraft:iron_block":4,"minecraft:gold_ingot":21,"sophisticatedbackpacks:stack_upgrade_tier_1":1,"minecraft:furnace":5,"minecraft:blast_furnace":3,"sophisticatedbackpacks:stack_upgrade_starter_tier":1,"minecraft:stone_pickaxe":1,"solo_leveling:magic_generator":1,"sophisticatedbackpacks:iron_backpack":1,"minecraft:cooked_beef":5,"minecraft:iron_sword":2,"sophisticatedbackpacks:gold_backpack":1,"minecraft:bucket":8,"minecraft:bread":63,"minecraft:air":0,"minecraft:oak_boat":1,"minecraft:golden_apple":2,"minecraft:gold_nugget":59,"minecraft:iron_shovel":2,"minecraft:iron_leggings":1,"minecraft:torch":140,"minecraft:lapis_block":1},"minecraft:killed":{"minecraft:cave_spider":1,"minecraft:witch":1,"minecraft:spider":15,"minecraft:skeleton":34,"minecraft:chicken":2,"minecraft:axolotl":1,"solo_leveling:spider_boss":1,"solo_leveling:hobgoblin_bomber":2,"solo_leveling:golem":34,"minecraft:magma_cube":4,"solo_leveling:giga_goblin":2,"solo_leveling:centipie":1,"minecraft:pig":2,"solo_leveling:ice_bear":4,"solo_leveling:steel_fang":2,"solo_leveling:goblin_2":18,"minecraft:creeper":36,"minecraft:sheep":7,"minecraft:pillager":8,"minecraft:zombie":54,"solo_leveling:goblin":19,"minecraft:glow_squid":3,"minecraft:cow":3,"minecraft:blaze":7,"solo_leveling:hobgoblin_club":4,"minecraft:vindicator":1,"minecraft:phantom":5,"minecraft:drowned":2,"solo_leveling:serpent":1,"minecraft:wither_skeleton":4,"minecraft:villager":2,"minecraft:enderman":1},"minecraft:custom":{"minecraft:interact_with_crafting_table":104,"minecraft:bell_ring":17,"minecraft:leave_game":65,"minecraft:time_since_death":64334,"minecraft:sprint_one_cm":1978319,"minecraft:drop":62,"minecraft:talked_to_villager":38,"minecraft:play_time":904099,"minecraft:deaths":18,"minecraft:jump":5304,"minecraft:walk_on_water_one_cm":230284,"minecraft:interact_with_furnace":90,"minecraft:interact_with_cartography_table":1,"minecraft:sleep_in_bed":11,"minecraft:damage_dealt":38284,"minecraft:crouch_one_cm":70408,"minecraft:interact_with_smoker":1,"minecraft:use_cauldron":1,"minecraft:mob_kills":342,"minecraft:interact_with_anvil":3,"minecraft:climb_one_cm":13513,"minecraft:walk_one_cm":4000697,"minecraft:sneak_time":19972,"minecraft:walk_under_water_one_cm":115625,"minecraft:boat_one_cm":386496,"minecraft:interact_with_blast_furnace":74,"minecraft:total_world_time":904099,"minecraft:raid_trigger":1,"minecraft:interact_with_stonecutter":2,"minecraft:time_since_rest":43550,"minecraft:damage_taken":30,"minecraft:swim_one_cm":101952,"minecraft:fly_one_cm":786905,"minecraft:open_chest":387,"minecraft:fall_one_cm":105628},"minecraft:used":{"minecraft:moss_block":20,"minecraft:moss_carpet":1,"minecraft:iron_shovel":134,"minecraft:chest":2,"minecraft:iron_sword":201,"minecraft:bell":2,"minecraft:rotten_flesh":2,"minecraft:mutton":2,"minecraft:nether_bricks":10,"minecraft:axolotl_bucket":12,"minecraft:crimson_roots":3,"minecraft:red_carpet":26,"minecraft:furnace":4,"minecraft:egg":4,"minecraft:potato":72,"minecraft:stone_pickaxe":132,"minecraft:blackstone":6,"minecraft:sugar_cane":13,"minecraft:blue_bed":4,"minecraft:golden_apple":3,"minecraft:glow_berries":13,"minecraft:sand":56,"minecraft:blast_furnace":3,"minecraft:shears":14,"minecraft:pumpkin_seeds":2,"minecraft:dark_oak_log":1,"minecraft:bread":117,"minecraft:andesite":30,"minecraft:oak_boat":5,"minecraft:chest_minecart":1,"minecraft:tropical_fish_bucket":1,"sophisticatedbackpacks:iron_backpack":3,"minecraft:carved_pumpkin":1,"solo_leveling:magic_generator":1,"minecraft:netherrack":33,"minecraft:torch":118,"minecraft:dirt":4,"minecraft:white_carpet":5,"minecraft:cod_bucket":1,"minecraft:salmon_bucket":1,"minecraft:granite":25,"minecraft:flowering_azalea":2,"minecraft:golden_carrot":2,"minecraft:beef":1,"minecraft:cooked_beef":2,"minecraft:cobbled_deepslate":13,"solo_leveling:silver_spear":396,"minecraft:golden_axe":18,"minecraft:wheat_seeds":220,"minecraft:water_bucket":50,"minecraft:lead":1,"minecraft:baked_potato":31,"minecraft:brown_mushroom":1,"minecraft:mossy_cobblestone":2,"minecraft:crafting_table":9,"minecraft:white_bed":2,"solo_leveling:reaper":256,"minecraft:chicken":2,"minecraft:iron_pickaxe":2282,"minecraft:cobblestone":319,"minecraft:purple_bed":8,"minecraft:porkchop":1,"minecraft:white_banner":3,"minecraft:cooked_porkchop":6,"minecraft:bucket":74},"minecraft:killed_by":{"solo_leveling:hobgoblin_bomber":1,"solo_leveling:goblin_2":1,"minecraft:zombie":1,"solo_leveling:steel_fang":1,"solo_leveling:hobgoblin_assassin":1,"solo_leveling:spider_boss":1,"solo_leveling:centipie":1,"minecraft:skeleton":1},"minecraft:picked_up":{"minecraft:iron_chestplate":2,"minecraft:wheat":194,"minecraft:nether_brick_fence":2,"minecraft:lead":13,"solo_leveling:magic_staff":1,"minecraft:brewing_stand":1,"minecraft:cod_bucket":2,"minecraft:music_disc_cat":1,"solo_leveling:magic_crystal":119,"minecraft:string":43,"minecraft:raw_copper":357,"minecraft:iron_leggings":1,"solo_leveling:silver_spear":8,"minecraft:gold_nugget":24,"minecraft:cobbled_deepslate":106,"minecraft:azalea":2,"minecraft:iron_pickaxe":15,"minecraft:iron_boots":1,"minecraft:furnace":3,"minecraft:stick":11,"minecraft:big_dripleaf":6,"minecraft:oak_fence":1,"minecraft:torch":34,"minecraft:porkchop":2,"minecraft:diorite":152,"minecraft:brown_carpet":1,"minecraft:stone_sword":3,"solo_leveling:dark_bow":8,"minecraft:rotten_flesh":72,"minecraft:tropical_fish":9,"solo_leveling:magic_crystalll":219,"minecraft:carved_pumpkin":1,"solo_leveling:rasaka_venom":1,"solo_leveling:iron_shield":8,"minecraft:blaze_rod":6,"minecraft:cobblestone":862,"minecraft:magma_block":31,"solo_leveling:protection_amulet":1,"minecraft:feather":1,"minecraft:water_bucket":1,"minecraft:andesite":87,"minecraft:brown_wool":1,"minecraft:smoker":2,"minecraft:potato":223,"minecraft:flint":1,"minecraft:lapis_lazuli":143,"minecraft:dirt":49,"minecraft:bone":64,"minecraft:bow":6,"minecraft:wheat_seeds":570,"minecraft:raw_gold":14,"minecraft:bell":2,"solo_leveling:dragon_armor_boots":4,"solo_leveling:rune_stone":1,"minecraft:moss_block":74,"minecraft:oak_planks":20,"solo_leveling:magic_generator":1,"minecraft:cooked_porkchop":2,"minecraft:poisonous_potato":2,"minecraft:sand":59,"sophisticatedbackpacks:iron_backpack":5,"minecraft:dark_oak_log":7,"minecraft:mossy_cobblestone":2,"minecraft:polished_andesite":1,"minecraft:yellow_carpet":1,"minecraft:diamond":4,"minecraft:lever":1,"minecraft:crossbow":1,"minecraft:granite":62,"minecraft:bone_meal":2,"minecraft:golden_apple":2,"minecraft:bread":48,"minecraft:emerald":1,"minecraft:oak_sapling":2,"minecraft:netherrack":58,"minecraft:oak_leaves":22,"minecraft:crimson_roots":2,"sophisticatedbackpacks:gold_backpack":5,"minecraft:charcoal":7,"minecraft:crafting_table":7,"solo_leveling:reaper":3,"minecraft:chicken":2,"minecraft:clay_ball":304,"minecraft:chest_minecart":3,"minecraft:brown_mushroom":21,"solo_leveling:dragon_armor_chestplate":4,"minecraft:moss_carpet":4,"minecraft:white_carpet":5,"minecraft:iron_shovel":4,"minecraft:blackstone":6,"minecraft:beef":6,"minecraft:oak_boat":5,"minecraft:iron_nugget":4,"minecraft:light_gray_wool":2,"minecraft:chest":2,"minecraft:sugar_cane":209,"minecraft:phantom_membrane":3,"minecraft:egg":5,"solo_leveling:strength_necklace":1,"minecraft:dark_oak_sapling":3,"minecraft:raw_iron":157,"minecraft:sandstone":14,"minecraft:carrot":1,"minecraft:redstone":56,"minecraft:arrow":151,"minecraft:diamond_chestplate":3,"minecraft:beetroot_seeds":2,"minecraft:nether_bricks":10,"minecraft:gold_ingot":1,"sophisticatedbackpacks:copper_backpack":5,"minecraft:glow_berries":26,"minecraft:mutton":11,"minecraft:white_wool":5,"minecraft:rail":29,"minecraft:basalt":21,"minecraft:glow_ink_sac":6,"minecraft:salmon":2,"minecraft:leather":2,"minecraft:oak_log":3,"minecraft:golden_boots":1,"minecraft:gunpowder":38,"minecraft:blue_bed":4,"minecraft:white_banner":3,"minecraft:red_carpet":28,"minecraft:spore_blossom":2,"minecraft:iron_ingot":2,"minecraft:flowering_azalea":3,"minecraft:iron_sword":4,"minecraft:sweet_berries":37,"minecraft:quartz":47,"solo_leveling:necklace":3,"minecraft:amethyst_shard":4,"minecraft:soul_torch":42,"minecraft:white_bed":3,"minecraft:crying_obsidian":3,"minecraft:spider_eye":14,"solo_leveling:dragon_armor_leggings":6,"minecraft:pumpkin_seeds":10,"minecraft:purple_bed":8,"solo_leveling:dragon_armor_helmet":4,"minecraft:iron_helmet":2,"solo_leveling:knight_killer":2,"minecraft:baked_potato":42,"minecraft:coal":362},"minecraft:dropped":{"minecraft:moss_block":3,"solo_leveling:dark_bow":1,"minecraft:dirt":6,"minecraft:dark_oak_log":3,"solo_leveling:reaper":2,"minecraft:bone_meal":2,"solo_leveling:necklace":1,"minecraft:iron_pickaxe":1,"minecraft:sugar_cane":6,"solo_leveling:magic_crystalll":2,"minecraft:rotten_flesh":14,"minecraft:melon_seeds":3,"minecraft:oak_leaves":22,"minecraft:water_bucket":1,"minecraft:bread":5,"solo_leveling:silver_spear":2,"minecraft:wheat_seeds":6,"solo_leveling:dragon_armor_leggings":1,"minecraft:feather":1,"minecraft:cobblestone":60,"solo_leveling:rasaka_venom":1,"minecraft:granite":3,"minecraft:copper_ingot":32,"minecraft:tropical_fish":2,"minecraft:stick":3,"minecraft:bucket":2,"solo_leveling:knight_killer":1,"solo_leveling:iron_shield":1,"minecraft:moss_carpet":1,"minecraft:pumpkin_seeds":4,"minecraft:spider_eye":3,"minecraft:brown_carpet":1,"sophisticatedbackpacks:copper_backpack":1,"minecraft:bow":1},"minecraft:mined":{"minecraft:dark_oak_planks":1,"minecraft:large_amethyst_bud":2,"minecraft:white_bed":3,"minecraft:brewing_stand":1,"minecraft:carved_pumpkin":1,"minecraft:cave_vines_plant":21,"minecraft:granite":60,"minecraft:grass_block":2,"sophisticatedbackpacks:iron_backpack":3,"minecraft:yellow_carpet":3,"minecraft:magma_block":34,"minecraft:iron_ore":117,"minecraft:cobbled_deepslate":2,"minecraft:fire":18,"minecraft:deepslate_lapis_ore":8,"minecraft:cave_vines":24,"minecraft:small_amethyst_bud":1,"solo_leveling:magic_crystal":107,"minecraft:azalea":1,"minecraft:deepslate_redstone_ore":10,"minecraft:soul_wall_torch":16,"minecraft:brown_mushroom":21,"minecraft:blackstone":13,"minecraft:smoker":2,"minecraft:medium_amethyst_bud":2,"minecraft:amethyst_cluster":1,"minecraft:clay":124,"minecraft:torch":2,"minecraft:chest":1,"minecraft:nether_quartz_ore":47,"minecraft:cobblestone":34,"minecraft:sugar_cane":117,"minecraft:oak_planks":20,"solo_leveling:magic_generator":1,"minecraft:wall_torch":11,"minecraft:wheat":232,"minecraft:stone_brick_stairs":2,"minecraft:yellow_stained_glass_pane":1,"minecraft:grass":6,"minecraft:oak_log":3,"minecraft:sand":58,"minecraft:dirt":34,"minecraft:netherrack":80,"minecraft:oak_leaves":29,"minecraft:deepslate":127,"minecraft:nether_gold_ore":5,"minecraft:red_carpet":31,"minecraft:mossy_cobblestone":3,"minecraft:deepslate_diamond_ore":4,"minecraft:dark_oak_log":6,"minecraft:nether_bricks":10,"minecraft:spruce_leaves":7,"minecraft:moss_block":97,"minecraft:sandstone":14,"minecraft:large_fern":2,"minecraft:spore_blossom":2,"minecraft:redstone_ore":2,"minecraft:furnace":3,"minecraft:carrots":1,"minecraft:andesite":87,"minecraft:big_dripleaf_stem":1,"minecraft:bell":2,"minecraft:nether_brick_fence":2,"minecraft:mossy_stone_brick_stairs":1,"minecraft:potatoes":49,"minecraft:deepslate_iron_ore":40,"minecraft:vine":11,"minecraft:stone":897,"minecraft:white_wool":6,"minecraft:flowering_azalea":2,"minecraft:brown_carpet":4,"minecraft:basalt":26,"minecraft:stone_brick_slab":2,"minecraft:crafting_table":5,"minecraft:tall_grass":11,"minecraft:copper_ore":99,"minecraft:lapis_ore":18,"minecraft:deepslate_gold_ore":13,"minecraft:diorite":154,"minecraft:blue_bed":4,"minecraft:big_dripleaf":3,"minecraft:purple_bed":9,"minecraft:sweet_berry_bush":4,"minecraft:white_carpet":5,"minecraft:birch_leaves":2,"minecraft:coal_ore":230,"minecraft:gravel":5,"minecraft:cobweb":26,"minecraft:polished_andesite":2,"minecraft:stone_bricks":1,"minecraft:small_dripleaf":2,"minecraft:gold_ore":1}},"DataVersion":3465}