{"stats":{"minecraft:broken":{"minecraft:stone_pickaxe":1,"minecraft:iron_pickaxe":3},"minecraft:crafted":{"minecraft:oak_planks":12,"minecraft:furnace":1,"minecraft:iron_boots":1,"minecraft:stone_pickaxe":1,"minecraft:crafting_table":3,"minecraft:iron_helmet":1,"minecraft:iron_sword":1,"minecraft:bucket":3,"minecraft:bread":49,"minecraft:air":0,"minecraft:oak_boat":1,"minecraft:iron_chestplate":1,"minecraft:stick":4,"minecraft:iron_ingot":48,"minecraft:iron_pickaxe":3,"minecraft:iron_shovel":1,"minecraft:iron_leggings":1,"minecraft:torch":12},"minecraft:killed":{"solo_leveling:hobgoblin_club":1,"minecraft:witch":1,"minecraft:spider":7,"minecraft:phantom":5,"minecraft:skeleton":9,"minecraft:chicken":1,"solo_leveling:giga_goblin":2,"solo_leveling:goblin_2":8,"minecraft:creeper":16,"minecraft:pillager":3,"minecraft:zombie":17,"solo_leveling:serpent":1,"solo_leveling:goblin":9,"minecraft:enderman":1},"minecraft:custom":{"minecraft:mob_kills":88,"minecraft:interact_with_crafting_table":36,"minecraft:leave_game":29,"minecraft:time_since_death":294519,"minecraft:climb_one_cm":3711,"minecraft:sprint_one_cm":601063,"minecraft:walk_one_cm":1231488,"minecraft:drop":13,"minecraft:talked_to_villager":3,"minecraft:play_time":319003,"minecraft:deaths":2,"minecraft:sneak_time":2818,"minecraft:walk_under_water_one_cm":51654,"minecraft:boat_one_cm":90062,"minecraft:jump":1534,"minecraft:interact_with_blast_furnace":4,"minecraft:walk_on_water_one_cm":83573,"minecraft:total_world_time":319003,"minecraft:interact_with_furnace":4,"minecraft:sleep_in_bed":2,"minecraft:time_since_rest":7629,"minecraft:damage_taken":30,"minecraft:damage_dealt":12645,"minecraft:swim_one_cm":41465,"minecraft:fly_one_cm":202055,"minecraft:open_chest":71,"minecraft:crouch_one_cm":9214,"minecraft:fall_one_cm":23267},"minecraft:used":{"sophisticatedbackpacks:iron_backpack":2,"minecraft:iron_shovel":3,"minecraft:iron_sword":63,"minecraft:torch":37,"minecraft:white_carpet":1,"minecraft:salmon_bucket":1,"minecraft:granite":21,"minecraft:axolotl_bucket":5,"minecraft:flowering_azalea":1,"minecraft:furnace":1,"solo_leveling:silver_spear":98,"minecraft:wheat_seeds":182,"minecraft:water_bucket":23,"minecraft:stone_pickaxe":132,"minecraft:brown_mushroom":1,"minecraft:sugar_cane":13,"minecraft:mossy_cobblestone":1,"minecraft:sand":51,"minecraft:crafting_table":5,"minecraft:pumpkin_seeds":2,"minecraft:dark_oak_log":1,"minecraft:chicken":1,"minecraft:bread":45,"minecraft:iron_pickaxe":806,"minecraft:cobblestone":164,"minecraft:white_banner":1,"minecraft:cooked_porkchop":6,"minecraft:bucket":30,"minecraft:oak_boat":1,"minecraft:chest_minecart":1},"minecraft:killed_by":{"solo_leveling:centipie":1,"solo_leveling:goblin_2":1},"minecraft:picked_up":{"minecraft:crafting_table":3,"minecraft:wheat":148,"minecraft:chicken":1,"minecraft:clay_ball":24,"minecraft:chest_minecart":3,"minecraft:brown_mushroom":21,"minecraft:lead":1,"minecraft:string":9,"solo_leveling:magic_crystal":24,"minecraft:raw_copper":21,"minecraft:white_carpet":1,"minecraft:cobbled_deepslate":3,"minecraft:oak_boat":1,"minecraft:iron_pickaxe":2,"minecraft:sugar_cane":209,"minecraft:phantom_membrane":3,"minecraft:dark_oak_sapling":3,"minecraft:raw_iron":66,"minecraft:stick":8,"minecraft:sandstone":14,"minecraft:torch":18,"minecraft:diorite":64,"minecraft:redstone":14,"minecraft:rotten_flesh":17,"solo_leveling:dark_bow":2,"minecraft:arrow":91,"minecraft:beetroot_seeds":2,"solo_leveling:magic_crystalll":30,"minecraft:gold_ingot":1,"minecraft:glow_berries":9,"minecraft:rail":29,"minecraft:cobblestone":486,"minecraft:magma_block":1,"minecraft:feather":1,"minecraft:salmon":1,"minecraft:andesite":5,"minecraft:oak_log":3,"minecraft:golden_boots":1,"minecraft:gunpowder":16,"minecraft:lapis_lazuli":35,"minecraft:white_banner":1,"minecraft:bone":10,"minecraft:wheat_seeds":428,"minecraft:spore_blossom":1,"minecraft:iron_ingot":2,"minecraft:flowering_azalea":1,"minecraft:oak_planks":14,"minecraft:moss_block":4,"minecraft:iron_sword":1,"minecraft:cooked_porkchop":2,"minecraft:sweet_berries":37,"minecraft:sand":54,"minecraft:amethyst_shard":4,"sophisticatedbackpacks:iron_backpack":3,"minecraft:dark_oak_log":7,"minecraft:spider_eye":6,"minecraft:mossy_cobblestone":2,"minecraft:pumpkin_seeds":2,"minecraft:granite":50,"minecraft:golden_apple":1,"minecraft:bread":3,"minecraft:coal":95},"minecraft:dropped":{"minecraft:bread":5,"solo_leveling:dark_bow":1,"minecraft:feather":1,"minecraft:dark_oak_log":3,"minecraft:bucket":1,"solo_leveling:magic_crystalll":2},"minecraft:mined":{"minecraft:large_amethyst_bud":2,"minecraft:mossy_cobblestone":2,"minecraft:dark_oak_log":5,"minecraft:cave_vines_plant":3,"minecraft:granite":50,"sophisticatedbackpacks:iron_backpack":2,"minecraft:spruce_leaves":1,"minecraft:moss_block":4,"minecraft:sandstone":14,"minecraft:spore_blossom":1,"minecraft:magma_block":1,"minecraft:redstone_ore":1,"minecraft:iron_ore":54,"minecraft:andesite":6,"minecraft:deepslate_lapis_ore":2,"minecraft:cave_vines":3,"minecraft:deepslate_iron_ore":12,"minecraft:vine":8,"minecraft:small_amethyst_bud":1,"solo_leveling:magic_crystal":23,"minecraft:stone":541,"minecraft:deepslate_redstone_ore":2,"minecraft:brown_mushroom":21,"minecraft:medium_amethyst_bud":2,"minecraft:amethyst_cluster":1,"minecraft:clay":6,"minecraft:crafting_table":3,"minecraft:tall_grass":2,"minecraft:copper_ore":6,"minecraft:cobblestone":16,"minecraft:lapis_ore":4,"minecraft:sugar_cane":117,"minecraft:oak_planks":14,"minecraft:diorite":65,"minecraft:wall_torch":1,"minecraft:sweet_berry_bush":4,"minecraft:wheat":185,"minecraft:white_carpet":1,"minecraft:grass":1,"minecraft:oak_log":3,"minecraft:coal_ore":96,"minecraft:gravel":4,"minecraft:sand":53,"minecraft:oak_leaves":1,"minecraft:deepslate":25}},"DataVersion":3465}