{"stats":{"minecraft:used":{"minecraft:wheat_seeds":92,"minecraft:dark_oak_log":1,"minecraft:chicken":1,"minecraft:bread":19,"minecraft:iron_pickaxe":24,"minecraft:sugar_cane":13,"minecraft:brown_mushroom":1,"minecraft:iron_sword":63,"minecraft:torch":2,"minecraft:sand":7,"minecraft:white_carpet":1,"minecraft:cooked_porkchop":6,"solo_leveling:silver_spear":21},"minecraft:picked_up":{"minecraft:dark_oak_sapling":3,"minecraft:stick":8,"minecraft:wheat":59,"minecraft:feather":1,"minecraft:chicken":1,"minecraft:cooked_porkchop":2,"minecraft:torch":2,"minecraft:brown_mushroom":21,"minecraft:lead":1,"minecraft:sand":7,"minecraft:gunpowder":5,"minecraft:dark_oak_log":7,"minecraft:spider_eye":2,"solo_leveling:magic_crystal":24,"minecraft:white_carpet":1,"minecraft:bone":4,"minecraft:arrow":84,"solo_leveling:dark_bow":2,"minecraft:rotten_flesh":1,"minecraft:wheat_seeds":191,"solo_leveling:magic_crystalll":23,"minecraft:bread":3,"minecraft:iron_pickaxe":2,"minecraft:sugar_cane":203,"minecraft:iron_sword":1},"minecraft:crafted":{"minecraft:iron_chestplate":1,"minecraft:iron_boots":1,"minecraft:iron_pickaxe":1,"minecraft:iron_helmet":1,"minecraft:iron_sword":1,"minecraft:iron_leggings":1,"minecraft:bread":19},"minecraft:mined":{"minecraft:brown_mushroom":21,"minecraft:wheat":92,"minecraft:white_carpet":1,"minecraft:dark_oak_log":5,"minecraft:grass":1,"solo_leveling:magic_crystal":23,"minecraft:sand":7,"minecraft:spruce_leaves":1,"minecraft:sugar_cane":116},"minecraft:custom":{"minecraft:time_since_rest":137110,"minecraft:sprint_one_cm":365345,"minecraft:damage_taken":30,"minecraft:walk_one_cm":558890,"minecraft:mob_kills":34,"minecraft:drop":12,"minecraft:damage_dealt":3669,"minecraft:interact_with_crafting_table":8,"minecraft:fly_one_cm":114862,"minecraft:talked_to_villager":3,"minecraft:open_chest":49,"minecraft:crouch_one_cm":306,"minecraft:play_time":161533,"minecraft:deaths":2,"minecraft:sneak_time":158,"minecraft:walk_under_water_one_cm":952,"minecraft:jump":610,"minecraft:leave_game":24,"minecraft:time_since_death":137049,"minecraft:walk_on_water_one_cm":12291,"minecraft:sleep_in_bed":1,"minecraft:total_world_time":161533,"minecraft:fall_one_cm":14340},"minecraft:killed":{"minecraft:skeleton":4,"solo_leveling:giga_goblin":2,"minecraft:zombie":2,"minecraft:witch":1,"minecraft:chicken":1,"solo_leveling:serpent":1,"solo_leveling:goblin":9,"solo_leveling:goblin_2":8,"minecraft:creeper":3},"minecraft:killed_by":{"solo_leveling:centipie":1,"solo_leveling:goblin_2":1},"minecraft:dropped":{"minecraft:bread":5,"minecraft:dark_oak_log":3,"solo_leveling:dark_bow":1,"solo_leveling:magic_crystalll":2,"minecraft:feather":1}},"DataVersion":3465}