{"stats":{"minecraft:used":{"minecraft:dark_oak_log":1,"minecraft:chicken":1,"minecraft:bread":10,"minecraft:iron_pickaxe":15,"minecraft:brown_mushroom":1,"minecraft:iron_sword":63,"minecraft:torch":2,"minecraft:sand":5,"minecraft:white_carpet":1,"minecraft:cooked_porkchop":6},"minecraft:picked_up":{"minecraft:dark_oak_sapling":3,"minecraft:stick":8,"minecraft:feather":1,"minecraft:chicken":1,"minecraft:cooked_porkchop":2,"minecraft:torch":2,"minecraft:brown_mushroom":21,"minecraft:lead":1,"minecraft:sand":5,"minecraft:dark_oak_log":7,"solo_leveling:magic_crystal":17,"minecraft:white_carpet":1,"minecraft:arrow":81,"solo_leveling:dark_bow":2,"minecraft:wheat_seeds":1,"solo_leveling:magic_crystalll":15,"minecraft:bread":3,"minecraft:iron_pickaxe":2,"minecraft:iron_sword":1},"minecraft:crafted":{"minecraft:iron_chestplate":1,"minecraft:iron_boots":1,"minecraft:iron_helmet":1,"minecraft:iron_pickaxe":1,"minecraft:iron_sword":1,"minecraft:iron_leggings":1},"minecraft:mined":{"minecraft:brown_mushroom":21,"minecraft:white_carpet":1,"minecraft:dark_oak_log":5,"minecraft:grass":1,"solo_leveling:magic_crystal":14,"minecraft:sand":5,"minecraft:spruce_leaves":1},"minecraft:custom":{"minecraft:time_since_rest":59267,"minecraft:sprint_one_cm":207002,"minecraft:damage_taken":30,"minecraft:walk_one_cm":378324,"minecraft:mob_kills":19,"minecraft:drop":12,"minecraft:damage_dealt":1624,"minecraft:talked_to_villager":3,"minecraft:interact_with_crafting_table":6,"minecraft:fly_one_cm":37627,"minecraft:open_chest":36,"minecraft:crouch_one_cm":306,"minecraft:play_time":83690,"minecraft:deaths":2,"minecraft:sneak_time":133,"minecraft:jump":379,"minecraft:leave_game":8,"minecraft:walk_on_water_one_cm":4335,"minecraft:time_since_death":59206,"minecraft:sleep_in_bed":1,"minecraft:total_world_time":83690,"minecraft:fall_one_cm":8360},"minecraft:killed":{"minecraft:skeleton":2,"solo_leveling:giga_goblin":1,"minecraft:chicken":1,"solo_leveling:serpent":1,"solo_leveling:goblin":7,"solo_leveling:goblin_2":7},"minecraft:killed_by":{"solo_leveling:centipie":1,"solo_leveling:goblin_2":1},"minecraft:dropped":{"minecraft:bread":5,"minecraft:dark_oak_log":3,"solo_leveling:dark_bow":1,"solo_leveling:magic_crystalll":2,"minecraft:feather":1}},"DataVersion":3465}