{"stats":{"minecraft:broken":{"minecraft:stone_pickaxe":1,"minecraft:iron_pickaxe":3},"minecraft:crafted":{"minecraft:oak_planks":12,"minecraft:furnace":1,"minecraft:iron_boots":1,"minecraft:stone_pickaxe":1,"minecraft:crafting_table":3,"minecraft:iron_helmet":1,"minecraft:iron_sword":1,"minecraft:bucket":3,"minecraft:bread":49,"minecraft:air":0,"minecraft:oak_boat":1,"minecraft:iron_chestplate":1,"minecraft:stick":4,"minecraft:iron_ingot":48,"minecraft:iron_pickaxe":3,"minecraft:iron_shovel":1,"minecraft:iron_leggings":1,"minecraft:torch":12},"minecraft:killed":{"solo_leveling:hobgoblin_club":4,"minecraft:witch":1,"minecraft:vindicator":1,"minecraft:spider":8,"minecraft:phantom":5,"minecraft:skeleton":9,"minecraft:chicken":1,"solo_leveling:hobgoblin_bomber":2,"solo_leveling:giga_goblin":2,"solo_leveling:goblin_2":15,"minecraft:creeper":16,"minecraft:sheep":4,"minecraft:pillager":5,"minecraft:zombie":18,"solo_leveling:serpent":1,"solo_leveling:goblin":15,"minecraft:villager":2,"minecraft:enderman":1},"minecraft:custom":{"minecraft:mob_kills":138,"minecraft:interact_with_crafting_table":37,"minecraft:leave_game":29,"minecraft:time_since_death":26620,"minecraft:climb_one_cm":5149,"minecraft:sprint_one_cm":821519,"minecraft:walk_one_cm":1706116,"minecraft:drop":17,"minecraft:talked_to_villager":34,"minecraft:play_time":396779,"minecraft:deaths":4,"minecraft:sneak_time":6284,"minecraft:walk_under_water_one_cm":57582,"minecraft:boat_one_cm":136791,"minecraft:jump":2222,"minecraft:interact_with_blast_furnace":4,"minecraft:walk_on_water_one_cm":124824,"minecraft:total_world_time":396779,"minecraft:interact_with_furnace":4,"minecraft:raid_trigger":1,"minecraft:sleep_in_bed":2,"minecraft:time_since_rest":26660,"minecraft:damage_taken":30,"minecraft:damage_dealt":15872,"minecraft:swim_one_cm":42497,"minecraft:fly_one_cm":320710,"minecraft:open_chest":84,"minecraft:crouch_one_cm":28543,"minecraft:interact_with_smoker":1,"minecraft:fall_one_cm":37048},"minecraft:used":{"sophisticatedbackpacks:iron_backpack":3,"minecraft:iron_shovel":3,"minecraft:iron_sword":63,"minecraft:rotten_flesh":2,"minecraft:torch":37,"minecraft:mutton":2,"minecraft:white_carpet":3,"minecraft:salmon_bucket":1,"minecraft:granite":21,"minecraft:axolotl_bucket":10,"minecraft:flowering_azalea":1,"minecraft:red_carpet":26,"minecraft:furnace":1,"minecraft:potato":1,"solo_leveling:silver_spear":205,"minecraft:wheat_seeds":182,"minecraft:water_bucket":46,"minecraft:stone_pickaxe":132,"minecraft:brown_mushroom":1,"minecraft:sugar_cane":13,"minecraft:golden_apple":1,"minecraft:mossy_cobblestone":2,"minecraft:sand":56,"minecraft:crafting_table":5,"minecraft:shears":1,"minecraft:pumpkin_seeds":2,"minecraft:dark_oak_log":1,"minecraft:chicken":1,"minecraft:bread":64,"minecraft:iron_pickaxe":839,"minecraft:cobblestone":164,"minecraft:white_banner":1,"minecraft:cooked_porkchop":6,"minecraft:bucket":59,"minecraft:oak_boat":4,"minecraft:chest_minecart":1},"minecraft:killed_by":{"solo_leveling:hobgoblin_bomber":1,"solo_leveling:hobgoblin_assassin":1,"solo_leveling:centipie":1,"solo_leveling:goblin_2":1},"minecraft:picked_up":{"minecraft:iron_chestplate":2,"minecraft:crafting_table":5,"minecraft:wheat":148,"minecraft:chicken":1,"minecraft:clay_ball":24,"minecraft:chest_minecart":3,"minecraft:brown_mushroom":21,"minecraft:lead":3,"minecraft:cod_bucket":2,"minecraft:string":10,"solo_leveling:magic_crystal":47,"minecraft:raw_copper":21,"minecraft:iron_leggings":1,"solo_leveling:silver_spear":1,"minecraft:iron_shovel":1,"minecraft:white_carpet":3,"minecraft:cobbled_deepslate":3,"minecraft:oak_boat":4,"minecraft:iron_nugget":4,"minecraft:iron_pickaxe":4,"minecraft:sugar_cane":209,"minecraft:phantom_membrane":3,"minecraft:iron_boots":1,"minecraft:dark_oak_sapling":3,"minecraft:stick":11,"minecraft:raw_iron":66,"minecraft:sandstone":14,"minecraft:torch":24,"minecraft:diorite":64,"minecraft:redstone":14,"minecraft:rotten_flesh":31,"solo_leveling:dark_bow":3,"minecraft:arrow":115,"minecraft:beetroot_seeds":2,"solo_leveling:magic_crystalll":83,"minecraft:carved_pumpkin":1,"minecraft:gold_ingot":1,"minecraft:glow_berries":9,"minecraft:mutton":6,"minecraft:white_wool":5,"minecraft:rail":29,"minecraft:cobblestone":498,"minecraft:magma_block":1,"minecraft:feather":1,"minecraft:salmon":2,"minecraft:andesite":5,"minecraft:brown_wool":1,"minecraft:smoker":2,"minecraft:potato":26,"minecraft:oak_log":3,"minecraft:golden_boots":1,"minecraft:gunpowder":16,"minecraft:blue_bed":3,"minecraft:lapis_lazuli":35,"minecraft:dirt":10,"minecraft:white_banner":2,"minecraft:red_carpet":26,"minecraft:bone":22,"minecraft:wheat_seeds":428,"minecraft:bell":2,"minecraft:spore_blossom":1,"minecraft:iron_ingot":2,"minecraft:flowering_azalea":1,"minecraft:moss_block":4,"minecraft:oak_planks":14,"minecraft:iron_sword":2,"minecraft:cooked_porkchop":2,"minecraft:sweet_berries":37,"minecraft:sand":59,"minecraft:amethyst_shard":4,"sophisticatedbackpacks:iron_backpack":5,"minecraft:dark_oak_log":7,"minecraft:spider_eye":7,"minecraft:mossy_cobblestone":2,"minecraft:pumpkin_seeds":10,"minecraft:purple_bed":8,"minecraft:iron_helmet":2,"minecraft:crossbow":1,"minecraft:granite":50,"minecraft:golden_apple":2,"minecraft:emerald":1,"minecraft:bread":29,"minecraft:oak_sapling":2,"minecraft:coal":223},"minecraft:dropped":{"minecraft:bread":5,"minecraft:wheat_seeds":4,"solo_leveling:dark_bow":1,"minecraft:feather":1,"minecraft:dark_oak_log":3,"minecraft:bucket":1,"minecraft:sugar_cane":6,"solo_leveling:magic_crystalll":2,"minecraft:pumpkin_seeds":4},"minecraft:mined":{"minecraft:large_amethyst_bud":2,"minecraft:red_carpet":29,"minecraft:mossy_cobblestone":3,"minecraft:dark_oak_log":5,"minecraft:carved_pumpkin":1,"minecraft:cave_vines_plant":3,"minecraft:granite":50,"sophisticatedbackpacks:iron_backpack":3,"minecraft:spruce_leaves":7,"minecraft:moss_block":4,"minecraft:sandstone":14,"minecraft:large_fern":2,"minecraft:spore_blossom":1,"minecraft:magma_block":1,"minecraft:redstone_ore":1,"minecraft:iron_ore":54,"minecraft:andesite":6,"minecraft:deepslate_lapis_ore":2,"minecraft:bell":2,"minecraft:cave_vines":3,"minecraft:deepslate_iron_ore":12,"minecraft:vine":8,"minecraft:small_amethyst_bud":1,"solo_leveling:magic_crystal":38,"minecraft:stone":541,"minecraft:deepslate_redstone_ore":2,"minecraft:brown_mushroom":21,"minecraft:smoker":2,"minecraft:medium_amethyst_bud":2,"minecraft:amethyst_cluster":1,"minecraft:clay":6,"minecraft:crafting_table":3,"minecraft:torch":1,"minecraft:tall_grass":2,"minecraft:copper_ore":6,"minecraft:cobblestone":28,"minecraft:lapis_ore":4,"minecraft:blue_bed":3,"minecraft:sugar_cane":117,"minecraft:oak_planks":14,"minecraft:diorite":65,"minecraft:wall_torch":6,"minecraft:purple_bed":9,"minecraft:wheat":185,"minecraft:sweet_berry_bush":4,"minecraft:white_carpet":3,"minecraft:yellow_stained_glass_pane":1,"minecraft:grass":1,"minecraft:oak_log":3,"minecraft:coal_ore":96,"minecraft:gravel":4,"minecraft:sand":58,"minecraft:dirt":5,"minecraft:oak_leaves":1,"minecraft:deepslate":25}},"DataVersion":3465}