{"stats":{"minecraft:used":{"minecraft:dark_oak_log":1,"minecraft:chicken":1,"minecraft:bread":7,"minecraft:iron_pickaxe":4,"minecraft:brown_mushroom":1,"minecraft:iron_sword":61,"minecraft:torch":2,"minecraft:sand":5,"minecraft:white_carpet":1,"minecraft:cooked_porkchop":6},"minecraft:picked_up":{"minecraft:dark_oak_sapling":3,"minecraft:stick":8,"minecraft:feather":1,"minecraft:chicken":1,"minecraft:cooked_porkchop":2,"minecraft:torch":2,"minecraft:brown_mushroom":21,"minecraft:lead":1,"minecraft:sand":5,"minecraft:dark_oak_log":7,"solo_leveling:magic_crystal":5,"minecraft:white_carpet":1,"minecraft:arrow":51,"solo_leveling:dark_bow":2,"minecraft:wheat_seeds":1,"solo_leveling:magic_crystalll":13,"minecraft:bread":3,"minecraft:iron_pickaxe":2,"minecraft:iron_sword":1},"minecraft:crafted":{"minecraft:iron_chestplate":1,"minecraft:iron_boots":1,"minecraft:iron_helmet":1,"minecraft:iron_pickaxe":1,"minecraft:iron_sword":1,"minecraft:iron_leggings":1},"minecraft:mined":{"minecraft:brown_mushroom":21,"minecraft:white_carpet":1,"minecraft:dark_oak_log":5,"minecraft:grass":1,"solo_leveling:magic_crystal":3,"minecraft:sand":5,"minecraft:spruce_leaves":1},"minecraft:custom":{"minecraft:time_since_rest":41267,"minecraft:sprint_one_cm":186752,"minecraft:damage_taken":30,"minecraft:walk_one_cm":305299,"minecraft:mob_kills":17,"minecraft:drop":5,"minecraft:damage_dealt":1421,"minecraft:talked_to_villager":3,"minecraft:interact_with_crafting_table":6,"minecraft:fly_one_cm":29063,"minecraft:open_chest":27,"minecraft:crouch_one_cm":306,"minecraft:play_time":65690,"minecraft:deaths":2,"minecraft:sneak_time":133,"minecraft:jump":336,"minecraft:leave_game":8,"minecraft:walk_on_water_one_cm":4335,"minecraft:time_since_death":41206,"minecraft:sleep_in_bed":1,"minecraft:total_world_time":65690,"minecraft:fall_one_cm":7197},"minecraft:killed":{"minecraft:skeleton":1,"solo_leveling:giga_goblin":1,"minecraft:chicken":1,"solo_leveling:goblin":7,"solo_leveling:goblin_2":7},"minecraft:dropped":{"minecraft:dark_oak_log":3,"solo_leveling:dark_bow":1,"minecraft:feather":1},"minecraft:killed_by":{"solo_leveling:centipie":1,"solo_leveling:goblin_2":1}},"DataVersion":3465}