{"stats":{"minecraft:crafted":{"minecraft:iron_sword":1,"minecraft:iron_pickaxe":1},"minecraft:killed":{"minecraft:skeleton":1,"minecraft:chicken":1},"minecraft:custom":{"minecraft:open_chest":8,"minecraft:time_since_rest":5236,"minecraft:damage_taken":30,"minecraft:sprint_one_cm":72526,"minecraft:play_time":17956,"minecraft:deaths":1,"minecraft:walk_one_cm":53309,"minecraft:mob_kills":2,"minecraft:drop":4,"minecraft:jump":63,"minecraft:damage_dealt":222,"minecraft:leave_game":4,"minecraft:walk_on_water_one_cm":33,"minecraft:time_since_death":9206,"minecraft:sleep_in_bed":1,"minecraft:total_world_time":17956,"minecraft:interact_with_crafting_table":1,"minecraft:fall_one_cm":3333,"minecraft:fly_one_cm":7202},"minecraft:used":{"minecraft:dark_oak_log":1,"minecraft:cooked_porkchop":2,"minecraft:chicken":1,"minecraft:iron_sword":2},"minecraft:killed_by":{"solo_leveling:centipie":1},"minecraft:picked_up":{"minecraft:dark_oak_sapling":3,"minecraft:arrow":1,"minecraft:stick":1,"minecraft:feather":1,"minecraft:chicken":1,"minecraft:dark_oak_log":7},"minecraft:dropped":{"minecraft:feather":1,"minecraft:dark_oak_log":3},"minecraft:mined":{"minecraft:dark_oak_log":5}},"DataVersion":3465}