{"stats":{"minecraft:used":{"minecraft:wheat_seeds":92,"minecraft:water_bucket":4,"sophisticatedbackpacks:iron_backpack":2,"minecraft:iron_shovel":3,"minecraft:stone_pickaxe":132,"minecraft:brown_mushroom":1,"minecraft:iron_sword":63,"minecraft:sugar_cane":13,"minecraft:torch":37,"minecraft:sand":7,"minecraft:white_carpet":1,"minecraft:crafting_table":4,"minecraft:axolotl_bucket":4,"minecraft:granite":21,"minecraft:flowering_azalea":1,"minecraft:dark_oak_log":1,"minecraft:chicken":1,"minecraft:bread":40,"minecraft:iron_pickaxe":797,"minecraft:cobblestone":130,"minecraft:furnace":1,"minecraft:cooked_porkchop":6,"minecraft:bucket":9,"minecraft:chest_minecart":1,"solo_leveling:silver_spear":75},"minecraft:picked_up":{"minecraft:crafting_table":2,"minecraft:magma_block":1,"minecraft:wheat":59,"minecraft:feather":1,"minecraft:andesite":5,"minecraft:chicken":1,"minecraft:clay_ball":24,"minecraft:chest_minecart":3,"minecraft:brown_mushroom":21,"minecraft:lead":1,"minecraft:gunpowder":14,"minecraft:lapis_lazuli":35,"solo_leveling:magic_crystal":24,"minecraft:string":4,"minecraft:raw_copper":21,"minecraft:white_carpet":1,"minecraft:bone":8,"minecraft:wheat_seeds":193,"minecraft:cobbled_deepslate":3,"minecraft:spore_blossom":1,"minecraft:flowering_azalea":1,"minecraft:iron_ingot":2,"minecraft:moss_block":4,"minecraft:iron_pickaxe":2,"minecraft:sugar_cane":203,"minecraft:oak_planks":14,"minecraft:iron_sword":1,"minecraft:phantom_membrane":3,"minecraft:dark_oak_sapling":3,"minecraft:stick":8,"minecraft:raw_iron":66,"minecraft:sandstone":14,"minecraft:cooked_porkchop":2,"minecraft:torch":18,"minecraft:sand":10,"minecraft:amethyst_shard":4,"sophisticatedbackpacks:iron_backpack":3,"minecraft:diorite":64,"minecraft:mossy_cobblestone":2,"minecraft:redstone":14,"minecraft:dark_oak_log":7,"minecraft:spider_eye":4,"minecraft:pumpkin_seeds":2,"minecraft:arrow":90,"solo_leveling:dark_bow":2,"minecraft:rotten_flesh":12,"minecraft:beetroot_seeds":2,"solo_leveling:magic_crystalll":29,"minecraft:granite":50,"minecraft:golden_apple":1,"minecraft:gold_ingot":1,"minecraft:bread":3,"minecraft:glow_berries":9,"minecraft:coal":95,"minecraft:rail":29,"minecraft:cobblestone":478},"minecraft:crafted":{"minecraft:crafting_table":3,"minecraft:iron_helmet":1,"minecraft:iron_sword":1,"minecraft:furnace":1,"minecraft:bucket":3,"minecraft:bread":19,"minecraft:air":0,"minecraft:iron_boots":1,"minecraft:iron_chestplate":1,"minecraft:stick":4,"minecraft:iron_ingot":16,"minecraft:iron_pickaxe":3,"minecraft:stone_pickaxe":1,"minecraft:iron_shovel":1,"minecraft:iron_leggings":1,"minecraft:torch":12},"minecraft:mined":{"minecraft:deepslate_redstone_ore":2,"minecraft:large_amethyst_bud":2,"minecraft:brown_mushroom":21,"minecraft:mossy_cobblestone":2,"minecraft:medium_amethyst_bud":2,"minecraft:amethyst_cluster":1,"minecraft:dark_oak_log":5,"minecraft:crafting_table":2,"minecraft:clay":6,"minecraft:cave_vines_plant":3,"minecraft:granite":50,"sophisticatedbackpacks:iron_backpack":2,"minecraft:tall_grass":2,"minecraft:copper_ore":6,"minecraft:cobblestone":8,"minecraft:lapis_ore":4,"minecraft:moss_block":4,"minecraft:spruce_leaves":1,"minecraft:wall_torch":1,"minecraft:sugar_cane":116,"minecraft:oak_planks":14,"minecraft:diorite":65,"minecraft:sandstone":14,"minecraft:spore_blossom":1,"minecraft:redstone_ore":1,"minecraft:magma_block":1,"minecraft:iron_ore":54,"minecraft:wheat":92,"minecraft:white_carpet":1,"minecraft:andesite":6,"minecraft:deepslate_lapis_ore":2,"minecraft:deepslate_iron_ore":12,"minecraft:grass":1,"minecraft:vine":8,"minecraft:coal_ore":96,"minecraft:cave_vines":3,"minecraft:small_amethyst_bud":1,"solo_leveling:magic_crystal":23,"minecraft:gravel":4,"minecraft:sand":11,"minecraft:stone":540,"minecraft:oak_leaves":1,"minecraft:deepslate":25},"minecraft:custom":{"minecraft:interact_with_furnace":4,"minecraft:mob_kills":72,"minecraft:interact_with_crafting_table":29,"minecraft:leave_game":29,"minecraft:time_since_death":248614,"minecraft:sleep_in_bed":1,"minecraft:climb_one_cm":3711,"minecraft:time_since_rest":248675,"minecraft:sprint_one_cm":519369,"minecraft:damage_taken":30,"minecraft:walk_one_cm":1043710,"minecraft:drop":12,"minecraft:damage_dealt":9714,"minecraft:swim_one_cm":41465,"minecraft:fly_one_cm":162195,"minecraft:talked_to_villager":3,"minecraft:open_chest":51,"minecraft:crouch_one_cm":4575,"minecraft:play_time":273098,"minecraft:deaths":2,"minecraft:sneak_time":1879,"minecraft:walk_under_water_one_cm":49894,"minecraft:jump":1282,"minecraft:walk_on_water_one_cm":71646,"minecraft:total_world_time":273098,"minecraft:fall_one_cm":21331},"minecraft:killed":{"solo_leveling:giga_goblin":2,"solo_leveling:hobgoblin_club":1,"minecraft:witch":1,"minecraft:spider":3,"solo_leveling:goblin_2":8,"minecraft:creeper":13,"minecraft:phantom":4,"minecraft:skeleton":8,"minecraft:zombie":14,"minecraft:chicken":1,"solo_leveling:serpent":1,"solo_leveling:goblin":9,"minecraft:enderman":1},"minecraft:broken":{"minecraft:stone_pickaxe":1,"minecraft:iron_pickaxe":3},"minecraft:killed_by":{"solo_leveling:centipie":1,"solo_leveling:goblin_2":1},"minecraft:dropped":{"minecraft:bread":5,"solo_leveling:dark_bow":1,"minecraft:feather":1,"solo_leveling:magic_crystalll":2,"minecraft:dark_oak_log":3}},"DataVersion":3465}