{"stats":{"minecraft:crafted":{"minecraft:iron_sword":1,"minecraft:iron_pickaxe":1},"minecraft:killed":{"solo_leveling:goblin":2,"minecraft:skeleton":1,"solo_leveling:goblin_2":3,"minecraft:chicken":1},"minecraft:custom":{"minecraft:time_since_rest":4217,"minecraft:crouch_one_cm":1,"minecraft:walk_one_cm":95555,"minecraft:sprint_one_cm":84045,"minecraft:deaths":2,"minecraft:sneak_time":8,"minecraft:mob_kills":7,"minecraft:drop":4,"minecraft:jump":141,"minecraft:damage_dealt":757,"minecraft:leave_game":8,"minecraft:time_since_death":4156,"minecraft:walk_on_water_one_cm":33,"minecraft:sleep_in_bed":1,"minecraft:total_world_time":28640,"minecraft:damage_taken":30,"minecraft:interact_with_crafting_table":1,"minecraft:fall_one_cm":3992,"minecraft:fly_one_cm":9821,"minecraft:play_time":28640,"minecraft:open_chest":8},"minecraft:used":{"minecraft:dark_oak_log":1,"minecraft:chicken":1,"minecraft:cooked_porkchop":5,"minecraft:iron_sword":29},"minecraft:killed_by":{"solo_leveling:centipie":1,"solo_leveling:goblin_2":1},"minecraft:picked_up":{"minecraft:dark_oak_sapling":3,"minecraft:stick":8,"minecraft:feather":1,"minecraft:arrow":2,"minecraft:chicken":1,"minecraft:cooked_porkchop":2,"minecraft:lead":1,"solo_leveling:magic_crystalll":5,"minecraft:iron_pickaxe":1,"minecraft:iron_sword":1,"minecraft:dark_oak_log":7},"minecraft:dropped":{"minecraft:feather":1,"minecraft:dark_oak_log":3},"minecraft:mined":{"minecraft:dark_oak_log":5}},"DataVersion":3465}