{"stats":{"minecraft:used":{"minecraft:wheat_seeds":92,"minecraft:water_bucket":2,"sophisticatedbackpacks:iron_backpack":2,"minecraft:iron_sword":63,"minecraft:brown_mushroom":1,"minecraft:sugar_cane":13,"minecraft:torch":10,"minecraft:sand":7,"minecraft:white_carpet":1,"minecraft:crafting_table":1,"minecraft:granite":16,"minecraft:dark_oak_log":1,"minecraft:chicken":1,"minecraft:bread":26,"minecraft:iron_pickaxe":208,"minecraft:cobblestone":5,"minecraft:cooked_porkchop":6,"minecraft:bucket":3,"solo_leveling:silver_spear":36},"minecraft:picked_up":{"minecraft:wheat":59,"minecraft:feather":1,"minecraft:chicken":1,"minecraft:chest_minecart":1,"minecraft:brown_mushroom":21,"minecraft:lead":1,"minecraft:gunpowder":9,"minecraft:string":2,"solo_leveling:magic_crystal":24,"minecraft:raw_copper":14,"minecraft:white_carpet":1,"minecraft:bone":7,"minecraft:wheat_seeds":191,"minecraft:spore_blossom":1,"minecraft:iron_pickaxe":2,"minecraft:sugar_cane":203,"minecraft:oak_planks":4,"minecraft:iron_sword":1,"minecraft:dark_oak_sapling":3,"minecraft:raw_iron":17,"minecraft:stick":8,"minecraft:cooked_porkchop":2,"minecraft:torch":16,"minecraft:sand":7,"minecraft:amethyst_shard":4,"sophisticatedbackpacks:iron_backpack":3,"minecraft:diorite":11,"minecraft:spider_eye":2,"minecraft:dark_oak_log":7,"minecraft:pumpkin_seeds":2,"minecraft:arrow":88,"solo_leveling:dark_bow":2,"minecraft:rotten_flesh":5,"solo_leveling:magic_crystalll":23,"minecraft:granite":29,"minecraft:bread":3,"minecraft:glow_berries":2,"minecraft:coal":20,"minecraft:rail":12,"minecraft:cobblestone":84},"minecraft:crafted":{"minecraft:crafting_table":1,"minecraft:iron_helmet":1,"minecraft:iron_sword":1,"minecraft:bucket":1,"minecraft:bread":19,"minecraft:iron_boots":1,"minecraft:iron_chestplate":1,"minecraft:iron_pickaxe":1,"minecraft:iron_leggings":1},"minecraft:mined":{"minecraft:large_amethyst_bud":2,"minecraft:brown_mushroom":21,"minecraft:medium_amethyst_bud":2,"minecraft:amethyst_cluster":1,"minecraft:dark_oak_log":5,"minecraft:cave_vines_plant":2,"minecraft:granite":29,"sophisticatedbackpacks:iron_backpack":2,"minecraft:copper_ore":4,"minecraft:cobblestone":5,"minecraft:spruce_leaves":1,"minecraft:oak_planks":4,"minecraft:sugar_cane":116,"minecraft:diorite":11,"minecraft:spore_blossom":1,"minecraft:iron_ore":17,"minecraft:wheat":92,"minecraft:white_carpet":1,"minecraft:grass":1,"minecraft:cave_vines":1,"minecraft:coal_ore":20,"minecraft:small_amethyst_bud":1,"solo_leveling:magic_crystal":23,"minecraft:sand":7,"minecraft:stone":89},"minecraft:custom":{"minecraft:mob_kills":48,"minecraft:interact_with_crafting_table":18,"minecraft:leave_game":28,"minecraft:time_since_death":170712,"minecraft:sleep_in_bed":1,"minecraft:climb_one_cm":232,"minecraft:time_since_rest":170773,"minecraft:sprint_one_cm":400477,"minecraft:damage_taken":30,"minecraft:walk_one_cm":675696,"minecraft:drop":12,"minecraft:damage_dealt":5846,"minecraft:talked_to_villager":3,"minecraft:fly_one_cm":129682,"minecraft:open_chest":50,"minecraft:crouch_one_cm":764,"minecraft:play_time":195196,"minecraft:deaths":2,"minecraft:sneak_time":490,"minecraft:walk_under_water_one_cm":35512,"minecraft:jump":819,"minecraft:walk_on_water_one_cm":36083,"minecraft:total_world_time":195196,"minecraft:fall_one_cm":15456},"minecraft:killed":{"solo_leveling:giga_goblin":2,"minecraft:witch":1,"solo_leveling:goblin_2":8,"minecraft:creeper":8,"minecraft:skeleton":7,"minecraft:zombie":6,"minecraft:chicken":1,"solo_leveling:serpent":1,"solo_leveling:goblin":9,"minecraft:enderman":1},"minecraft:killed_by":{"solo_leveling:centipie":1,"solo_leveling:goblin_2":1},"minecraft:dropped":{"minecraft:bread":5,"solo_leveling:dark_bow":1,"minecraft:feather":1,"solo_leveling:magic_crystalll":2,"minecraft:dark_oak_log":3}},"DataVersion":3465}