{"stats":{"minecraft:used":{"minecraft:wheat_seeds":92,"minecraft:water_bucket":2,"sophisticatedbackpacks:iron_backpack":2,"minecraft:iron_shovel":3,"minecraft:stone_pickaxe":111,"minecraft:brown_mushroom":1,"minecraft:iron_sword":63,"minecraft:sugar_cane":13,"minecraft:torch":21,"minecraft:sand":7,"minecraft:white_carpet":1,"minecraft:crafting_table":2,"minecraft:axolotl_bucket":1,"minecraft:granite":21,"minecraft:dark_oak_log":1,"minecraft:chicken":1,"minecraft:bread":28,"minecraft:iron_pickaxe":635,"minecraft:cobblestone":14,"minecraft:furnace":1,"minecraft:cooked_porkchop":6,"minecraft:bucket":3,"minecraft:chest_minecart":1,"solo_leveling:silver_spear":39},"minecraft:picked_up":{"minecraft:magma_block":1,"minecraft:wheat":59,"minecraft:feather":1,"minecraft:andesite":5,"minecraft:chicken":1,"minecraft:clay_ball":24,"minecraft:chest_minecart":3,"minecraft:brown_mushroom":21,"minecraft:lead":1,"minecraft:gunpowder":9,"solo_leveling:magic_crystal":24,"minecraft:string":4,"minecraft:raw_copper":21,"minecraft:white_carpet":1,"minecraft:bone":7,"minecraft:wheat_seeds":191,"minecraft:spore_blossom":1,"minecraft:iron_ingot":2,"minecraft:iron_pickaxe":2,"minecraft:sugar_cane":203,"minecraft:oak_planks":10,"minecraft:iron_sword":1,"minecraft:dark_oak_sapling":3,"minecraft:stick":8,"minecraft:raw_iron":54,"minecraft:sandstone":8,"minecraft:cooked_porkchop":2,"minecraft:torch":18,"minecraft:sand":10,"minecraft:amethyst_shard":4,"sophisticatedbackpacks:iron_backpack":3,"minecraft:diorite":63,"minecraft:redstone":5,"minecraft:dark_oak_log":7,"minecraft:spider_eye":3,"minecraft:pumpkin_seeds":2,"minecraft:arrow":88,"solo_leveling:dark_bow":2,"minecraft:rotten_flesh":6,"minecraft:beetroot_seeds":2,"solo_leveling:magic_crystalll":23,"minecraft:granite":50,"minecraft:golden_apple":1,"minecraft:gold_ingot":1,"minecraft:bread":3,"minecraft:glow_berries":7,"minecraft:coal":93,"minecraft:rail":28,"minecraft:cobblestone":379},"minecraft:crafted":{"minecraft:crafting_table":2,"minecraft:iron_helmet":1,"minecraft:iron_sword":1,"minecraft:furnace":1,"minecraft:bucket":1,"minecraft:bread":19,"minecraft:air":0,"minecraft:iron_boots":1,"minecraft:iron_chestplate":1,"minecraft:stick":4,"minecraft:iron_ingot":16,"minecraft:iron_pickaxe":2,"minecraft:stone_pickaxe":1,"minecraft:iron_shovel":1,"minecraft:iron_leggings":1},"minecraft:mined":{"minecraft:large_amethyst_bud":2,"minecraft:brown_mushroom":21,"minecraft:medium_amethyst_bud":2,"minecraft:amethyst_cluster":1,"minecraft:dark_oak_log":5,"minecraft:clay":6,"minecraft:cave_vines_plant":2,"minecraft:granite":50,"sophisticatedbackpacks:iron_backpack":2,"minecraft:copper_ore":6,"minecraft:cobblestone":5,"minecraft:spruce_leaves":1,"minecraft:wall_torch":1,"minecraft:sugar_cane":116,"minecraft:oak_planks":10,"minecraft:diorite":64,"minecraft:sandstone":8,"minecraft:spore_blossom":1,"minecraft:redstone_ore":1,"minecraft:magma_block":1,"minecraft:iron_ore":54,"minecraft:wheat":92,"minecraft:white_carpet":1,"minecraft:andesite":6,"minecraft:grass":1,"minecraft:coal_ore":94,"minecraft:cave_vines":1,"minecraft:small_amethyst_bud":1,"solo_leveling:magic_crystal":23,"minecraft:sand":10,"minecraft:stone":421,"minecraft:deepslate":1},"minecraft:custom":{"minecraft:interact_with_furnace":4,"minecraft:mob_kills":51,"minecraft:interact_with_crafting_table":24,"minecraft:leave_game":29,"minecraft:time_since_death":206614,"minecraft:sleep_in_bed":1,"minecraft:climb_one_cm":1629,"minecraft:time_since_rest":206675,"minecraft:sprint_one_cm":443093,"minecraft:damage_taken":30,"minecraft:walk_one_cm":812067,"minecraft:drop":12,"minecraft:damage_dealt":6366,"minecraft:swim_one_cm":36179,"minecraft:fly_one_cm":146112,"minecraft:talked_to_villager":3,"minecraft:open_chest":50,"minecraft:crouch_one_cm":788,"minecraft:play_time":231098,"minecraft:deaths":2,"minecraft:sneak_time":620,"minecraft:walk_under_water_one_cm":47160,"minecraft:jump":929,"minecraft:walk_on_water_one_cm":66547,"minecraft:total_world_time":231098,"minecraft:fall_one_cm":16913},"minecraft:killed":{"solo_leveling:giga_goblin":2,"minecraft:witch":1,"minecraft:spider":2,"solo_leveling:goblin_2":8,"minecraft:creeper":8,"minecraft:skeleton":7,"minecraft:zombie":7,"minecraft:chicken":1,"solo_leveling:serpent":1,"solo_leveling:goblin":9,"minecraft:enderman":1},"minecraft:broken":{"minecraft:iron_pickaxe":2},"minecraft:killed_by":{"solo_leveling:centipie":1,"solo_leveling:goblin_2":1},"minecraft:dropped":{"minecraft:bread":5,"solo_leveling:dark_bow":1,"minecraft:feather":1,"solo_leveling:magic_crystalll":2,"minecraft:dark_oak_log":3}},"DataVersion":3465}