{"stats":{"minecraft:used":{"minecraft:dark_oak_log":1,"minecraft:chicken":1,"minecraft:bread":14,"minecraft:iron_pickaxe":15,"minecraft:iron_sword":63,"minecraft:brown_mushroom":1,"minecraft:torch":2,"minecraft:sand":5,"minecraft:white_carpet":1,"minecraft:cooked_porkchop":6,"solo_leveling:silver_spear":8},"minecraft:picked_up":{"minecraft:dark_oak_sapling":3,"minecraft:stick":8,"minecraft:feather":1,"minecraft:chicken":1,"minecraft:cooked_porkchop":2,"minecraft:lead":1,"minecraft:brown_mushroom":21,"minecraft:torch":2,"minecraft:sand":5,"minecraft:gunpowder":5,"minecraft:dark_oak_log":7,"solo_leveling:magic_crystal":17,"minecraft:white_carpet":1,"minecraft:bone":4,"minecraft:arrow":84,"solo_leveling:dark_bow":2,"minecraft:rotten_flesh":1,"minecraft:wheat_seeds":1,"solo_leveling:magic_crystalll":16,"minecraft:bread":3,"minecraft:iron_pickaxe":2,"minecraft:iron_sword":1},"minecraft:crafted":{"minecraft:iron_chestplate":1,"minecraft:iron_boots":1,"minecraft:iron_pickaxe":1,"minecraft:iron_helmet":1,"minecraft:iron_sword":1,"minecraft:iron_leggings":1},"minecraft:mined":{"minecraft:brown_mushroom":21,"minecraft:white_carpet":1,"minecraft:dark_oak_log":5,"minecraft:grass":1,"solo_leveling:magic_crystal":14,"minecraft:sand":5,"minecraft:spruce_leaves":1},"minecraft:custom":{"minecraft:time_since_rest":82614,"minecraft:sprint_one_cm":292729,"minecraft:damage_taken":30,"minecraft:walk_one_cm":461747,"minecraft:mob_kills":26,"minecraft:drop":12,"minecraft:damage_dealt":3059,"minecraft:interact_with_crafting_table":6,"minecraft:fly_one_cm":81120,"minecraft:talked_to_villager":3,"minecraft:open_chest":43,"minecraft:crouch_one_cm":306,"minecraft:play_time":107037,"minecraft:deaths":2,"minecraft:sneak_time":158,"minecraft:jump":509,"minecraft:leave_game":15,"minecraft:time_since_death":82553,"minecraft:walk_on_water_one_cm":6431,"minecraft:sleep_in_bed":1,"minecraft:total_world_time":107037,"minecraft:fall_one_cm":12224},"minecraft:killed":{"minecraft:skeleton":4,"solo_leveling:giga_goblin":1,"minecraft:zombie":2,"minecraft:chicken":1,"solo_leveling:serpent":1,"solo_leveling:goblin":7,"solo_leveling:goblin_2":7,"minecraft:creeper":3},"minecraft:killed_by":{"solo_leveling:centipie":1,"solo_leveling:goblin_2":1},"minecraft:dropped":{"minecraft:bread":5,"minecraft:dark_oak_log":3,"solo_leveling:dark_bow":1,"solo_leveling:magic_crystalll":2,"minecraft:feather":1}},"DataVersion":3465}