{"stats":{"minecraft:picked_up":{"minecraft:iron_chestplate":2,"minecraft:wheat":193,"minecraft:lead":13,"minecraft:cod_bucket":2,"minecraft:string":32,"minecraft:music_disc_cat":1,"solo_leveling:magic_crystal":90,"minecraft:raw_copper":357,"minecraft:iron_leggings":1,"solo_leveling:silver_spear":4,"minecraft:cobbled_deepslate":106,"minecraft:azalea":2,"minecraft:iron_pickaxe":8,"minecraft:iron_boots":1,"minecraft:furnace":3,"minecraft:stick":11,"minecraft:big_dripleaf":6,"minecraft:oak_fence":1,"minecraft:torch":33,"minecraft:porkchop":1,"minecraft:diorite":152,"minecraft:rotten_flesh":62,"solo_leveling:dark_bow":5,"minecraft:tropical_fish":9,"solo_leveling:magic_crystalll":108,"minecraft:carved_pumpkin":1,"solo_leveling:rasaka_venom":1,"solo_leveling:iron_shield":6,"minecraft:cobblestone":843,"minecraft:magma_block":1,"minecraft:feather":1,"solo_leveling:protection_amulet":1,"minecraft:water_bucket":1,"minecraft:andesite":87,"minecraft:brown_wool":1,"minecraft:smoker":2,"minecraft:potato":114,"minecraft:lapis_lazuli":143,"minecraft:dirt":43,"minecraft:bone":31,"minecraft:bow":5,"minecraft:wheat_seeds":566,"minecraft:raw_gold":14,"minecraft:bell":2,"solo_leveling:dragon_armor_boots":1,"solo_leveling:rune_stone":1,"minecraft:moss_block":74,"minecraft:oak_planks":20,"minecraft:cooked_porkchop":2,"minecraft:poisonous_potato":1,"minecraft:sand":59,"sophisticatedbackpacks:iron_backpack":5,"minecraft:dark_oak_log":7,"minecraft:mossy_cobblestone":2,"minecraft:diamond":4,"minecraft:crossbow":1,"minecraft:granite":62,"minecraft:bone_meal":2,"minecraft:golden_apple":2,"minecraft:bread":29,"minecraft:emerald":1,"minecraft:oak_sapling":2,"minecraft:oak_leaves":22,"sophisticatedbackpacks:gold_backpack":3,"minecraft:charcoal":7,"minecraft:crafting_table":6,"solo_leveling:reaper":1,"minecraft:clay_ball":304,"minecraft:chicken":1,"minecraft:chest_minecart":3,"minecraft:brown_mushroom":21,"solo_leveling:dragon_armor_chestplate":1,"minecraft:moss_carpet":4,"minecraft:white_carpet":5,"minecraft:iron_shovel":1,"minecraft:beef":2,"minecraft:oak_boat":5,"minecraft:iron_nugget":4,"minecraft:light_gray_wool":2,"minecraft:chest":1,"minecraft:sugar_cane":209,"minecraft:phantom_membrane":3,"minecraft:egg":4,"solo_leveling:strength_necklace":1,"minecraft:dark_oak_sapling":3,"minecraft:raw_iron":157,"minecraft:sandstone":14,"minecraft:carrot":1,"minecraft:redstone":56,"minecraft:diamond_chestplate":1,"minecraft:arrow":124,"minecraft:beetroot_seeds":2,"sophisticatedbackpacks:copper_backpack":3,"minecraft:gold_ingot":1,"minecraft:glow_berries":26,"minecraft:mutton":11,"minecraft:white_wool":5,"minecraft:rail":29,"minecraft:glow_ink_sac":6,"minecraft:salmon":2,"minecraft:oak_log":3,"minecraft:golden_boots":1,"minecraft:gunpowder":23,"minecraft:blue_bed":4,"minecraft:white_banner":3,"minecraft:red_carpet":26,"minecraft:spore_blossom":2,"minecraft:iron_ingot":2,"minecraft:flowering_azalea":3,"minecraft:iron_sword":2,"minecraft:sweet_berries":37,"solo_leveling:necklace":2,"minecraft:amethyst_shard":4,"minecraft:soul_torch":30,"minecraft:white_bed":1,"minecraft:spider_eye":13,"solo_leveling:dragon_armor_leggings":3,"minecraft:pumpkin_seeds":10,"minecraft:purple_bed":8,"solo_leveling:dragon_armor_helmet":1,"minecraft:iron_helmet":2,"solo_leveling:knight_killer":2,"minecraft:coal":318},"minecraft:used":{"minecraft:moss_block":20,"minecraft:moss_carpet":1,"minecraft:iron_shovel":134,"minecraft:chest":1,"minecraft:iron_sword":201,"minecraft:bell":2,"minecraft:rotten_flesh":2,"minecraft:mutton":2,"minecraft:axolotl_bucket":12,"minecraft:red_carpet":26,"minecraft:furnace":4,"minecraft:egg":4,"minecraft:potato":29,"minecraft:stone_pickaxe":132,"minecraft:blue_bed":4,"minecraft:sugar_cane":13,"minecraft:golden_apple":1,"minecraft:glow_berries":13,"minecraft:sand":56,"minecraft:blast_furnace":3,"minecraft:shears":14,"minecraft:pumpkin_seeds":2,"minecraft:dark_oak_log":1,"minecraft:bread":78,"minecraft:andesite":30,"minecraft:chest_minecart":1,"minecraft:oak_boat":5,"minecraft:tropical_fish_bucket":1,"sophisticatedbackpacks:iron_backpack":3,"minecraft:carved_pumpkin":1,"minecraft:torch":117,"minecraft:dirt":1,"minecraft:white_carpet":5,"minecraft:cod_bucket":1,"minecraft:salmon_bucket":1,"minecraft:granite":25,"minecraft:flowering_azalea":2,"minecraft:cooked_beef":1,"minecraft:cobbled_deepslate":13,"minecraft:golden_axe":18,"solo_leveling:silver_spear":247,"minecraft:wheat_seeds":220,"minecraft:water_bucket":50,"minecraft:lead":1,"minecraft:baked_potato":16,"minecraft:brown_mushroom":1,"minecraft:mossy_cobblestone":2,"minecraft:crafting_table":8,"minecraft:white_bed":1,"minecraft:chicken":1,"minecraft:iron_pickaxe":1938,"minecraft:cobblestone":271,"minecraft:purple_bed":8,"minecraft:white_banner":3,"minecraft:cooked_porkchop":6,"minecraft:bucket":73},"minecraft:killed_by":{"solo_leveling:hobgoblin_bomber":1,"solo_leveling:goblin_2":1,"minecraft:zombie":1,"solo_leveling:steel_fang":1,"solo_leveling:hobgoblin_assassin":1,"solo_leveling:centipie":1,"minecraft:skeleton":1},"minecraft:mined":{"minecraft:large_amethyst_bud":2,"minecraft:white_bed":1,"minecraft:carved_pumpkin":1,"minecraft:cave_vines_plant":21,"minecraft:granite":60,"minecraft:grass_block":1,"sophisticatedbackpacks:iron_backpack":3,"minecraft:magma_block":1,"minecraft:iron_ore":117,"minecraft:cobbled_deepslate":2,"minecraft:deepslate_lapis_ore":8,"minecraft:cave_vines":24,"minecraft:small_amethyst_bud":1,"solo_leveling:magic_crystal":79,"minecraft:azalea":1,"minecraft:deepslate_redstone_ore":10,"minecraft:soul_wall_torch":15,"minecraft:brown_mushroom":21,"minecraft:smoker":2,"minecraft:medium_amethyst_bud":2,"minecraft:amethyst_cluster":1,"minecraft:clay":124,"minecraft:torch":2,"minecraft:cobblestone":29,"minecraft:sugar_cane":117,"minecraft:oak_planks":20,"minecraft:wall_torch":11,"minecraft:wheat":231,"minecraft:yellow_stained_glass_pane":1,"minecraft:grass":5,"minecraft:oak_log":3,"minecraft:sand":58,"minecraft:dirt":34,"minecraft:oak_leaves":29,"minecraft:deepslate":127,"minecraft:red_carpet":29,"minecraft:mossy_cobblestone":3,"minecraft:deepslate_diamond_ore":4,"minecraft:dark_oak_log":5,"minecraft:spruce_leaves":7,"minecraft:moss_block":97,"minecraft:sandstone":14,"minecraft:large_fern":2,"minecraft:spore_blossom":2,"minecraft:redstone_ore":2,"minecraft:furnace":3,"minecraft:carrots":1,"minecraft:andesite":87,"minecraft:big_dripleaf_stem":1,"minecraft:bell":2,"minecraft:potatoes":24,"minecraft:deepslate_iron_ore":40,"minecraft:vine":11,"minecraft:stone":896,"minecraft:flowering_azalea":2,"minecraft:crafting_table":4,"minecraft:tall_grass":11,"minecraft:copper_ore":99,"minecraft:lapis_ore":18,"minecraft:deepslate_gold_ore":13,"minecraft:diorite":154,"minecraft:blue_bed":4,"minecraft:big_dripleaf":3,"minecraft:purple_bed":9,"minecraft:sweet_berry_bush":4,"minecraft:white_carpet":5,"minecraft:birch_leaves":2,"minecraft:coal_ore":191,"minecraft:gravel":4,"minecraft:cobweb":25,"minecraft:small_dripleaf":2,"minecraft:gold_ore":1},"minecraft:broken":{"minecraft:stone_pickaxe":1,"minecraft:iron_pickaxe":6},"minecraft:custom":{"minecraft:interact_with_crafting_table":94,"minecraft:bell_ring":17,"minecraft:leave_game":56,"minecraft:time_since_death":13063,"minecraft:sprint_one_cm":1380469,"minecraft:drop":58,"minecraft:talked_to_villager":34,"minecraft:play_time":695067,"minecraft:deaths":15,"minecraft:jump":4037,"minecraft:walk_on_water_one_cm":193986,"minecraft:interact_with_furnace":88,"minecraft:sleep_in_bed":7,"minecraft:damage_dealt":25496,"minecraft:crouch_one_cm":54126,"minecraft:interact_with_smoker":1,"minecraft:use_cauldron":1,"minecraft:mob_kills":197,"minecraft:interact_with_anvil":1,"minecraft:climb_one_cm":9541,"minecraft:walk_one_cm":2849036,"minecraft:sneak_time":15379,"minecraft:walk_under_water_one_cm":91401,"minecraft:boat_one_cm":136791,"minecraft:interact_with_blast_furnace":59,"minecraft:total_world_time":695067,"minecraft:raid_trigger":1,"minecraft:interact_with_stonecutter":1,"minecraft:time_since_rest":13168,"minecraft:damage_taken":30,"minecraft:swim_one_cm":76090,"minecraft:fly_one_cm":443852,"minecraft:open_chest":251,"minecraft:fall_one_cm":61541},"minecraft:dropped":{"minecraft:moss_block":3,"solo_leveling:dark_bow":1,"minecraft:dirt":6,"minecraft:dark_oak_log":3,"solo_leveling:reaper":1,"minecraft:bone_meal":2,"solo_leveling:necklace":1,"minecraft:sugar_cane":6,"solo_leveling:magic_crystalll":2,"minecraft:rotten_flesh":14,"minecraft:melon_seeds":3,"minecraft:oak_leaves":22,"minecraft:water_bucket":1,"minecraft:bread":5,"solo_leveling:silver_spear":1,"minecraft:wheat_seeds":6,"solo_leveling:dragon_armor_leggings":1,"minecraft:feather":1,"minecraft:cobblestone":60,"solo_leveling:rasaka_venom":1,"minecraft:granite":3,"minecraft:copper_ingot":32,"minecraft:tropical_fish":2,"minecraft:stick":3,"minecraft:bucket":2,"solo_leveling:knight_killer":1,"solo_leveling:iron_shield":1,"minecraft:moss_carpet":1,"minecraft:pumpkin_seeds":4,"minecraft:spider_eye":3,"sophisticatedbackpacks:copper_backpack":1,"minecraft:bow":1},"minecraft:killed":{"minecraft:cave_spider":1,"minecraft:witch":1,"minecraft:spider":12,"minecraft:skeleton":19,"minecraft:chicken":1,"minecraft:axolotl":1,"solo_leveling:hobgoblin_bomber":2,"solo_leveling:golem":2,"solo_leveling:giga_goblin":2,"minecraft:pig":1,"solo_leveling:goblin_2":15,"minecraft:creeper":23,"minecraft:sheep":7,"minecraft:pillager":8,"minecraft:zombie":38,"solo_leveling:goblin":15,"minecraft:glow_squid":3,"minecraft:cow":1,"solo_leveling:hobgoblin_club":4,"minecraft:vindicator":1,"minecraft:phantom":5,"solo_leveling:serpent":1,"minecraft:villager":2,"minecraft:enderman":1},"minecraft:crafted":{"minecraft:oak_planks":12,"minecraft:smooth_stone":11,"minecraft:stone":11,"minecraft:cooked_mutton":9,"minecraft:glass":52,"minecraft:iron_boots":1,"minecraft:chest":1,"minecraft:copper_block":12,"minecraft:crafting_table":6,"minecraft:spruce_planks":32,"minecraft:baked_potato":53,"minecraft:iron_helmet":1,"minecraft:copper_ingot":210,"sophisticatedbackpacks:upgrade_base":3,"minecraft:iron_chestplate":1,"minecraft:stick":56,"minecraft:iron_ingot":82,"minecraft:iron_pickaxe":8,"minecraft:iron_block":4,"minecraft:gold_ingot":14,"sophisticatedbackpacks:stack_upgrade_tier_1":1,"minecraft:furnace":4,"minecraft:blast_furnace":3,"sophisticatedbackpacks:stack_upgrade_starter_tier":1,"minecraft:stone_pickaxe":1,"sophisticatedbackpacks:iron_backpack":1,"minecraft:cooked_beef":2,"minecraft:iron_sword":2,"sophisticatedbackpacks:gold_backpack":1,"minecraft:bucket":8,"minecraft:bread":63,"minecraft:air":0,"minecraft:oak_boat":1,"minecraft:iron_shovel":2,"minecraft:iron_leggings":1,"minecraft:torch":140}},"DataVersion":3465}