{"stats":{"minecraft:broken":{"minecraft:stone_axe":1,"minecraft:wooden_axe":1,"minecraft:stone_pickaxe":1},"minecraft:crafted":{"minecraft:brick":87,"minecraft:coal_block":5,"minecraft:wooden_shovel":1,"minecraft:cooked_porkchop":7,"minecraft:dark_oak_boat":1,"minecraft:cooked_chicken":3,"minecraft:iron_helmet":1,"minecraft:furnace":1,"minecraft:bucket":1,"minecraft:bone_meal":12,"minecraft:cooked_mutton":7,"minecraft:air":0,"minecraft:bread":23,"minecraft:dark_oak_door":3,"minecraft:dark_oak_fence":57,"minecraft:white_wool":1,"minecraft:paper":171,"minecraft:iron_boots":1,"minecraft:iron_chestplate":1,"minecraft:stick":4,"minecraft:iron_ingot":40,"minecraft:wooden_axe":2,"minecraft:chest":6,"minecraft:iron_leggings":1,"minecraft:white_bed":2,"minecraft:bricks":15,"minecraft:dark_oak_fence_gate":1,"minecraft:dark_oak_planks":296,"minecraft:torch":8},"minecraft:killed":{"minecraft:pig":4,"minecraft:salmon":1,"minecraft:spider":6,"minecraft:creeper":4,"minecraft:phantom":1,"minecraft:sheep":5,"minecraft:skeleton":8,"minecraft:zombie":20,"minecraft:chicken":5,"minecraft:turtle":2},"minecraft:custom":{"minecraft:interact_with_furnace":60,"minecraft:mob_kills":56,"minecraft:interact_with_crafting_table":45,"minecraft:leave_game":4,"minecraft:time_since_death":136654,"minecraft:sleep_in_bed":1,"minecraft:climb_one_cm":450,"minecraft:time_since_rest":9572,"minecraft:sprint_one_cm":266212,"minecraft:walk_one_cm":609023,"minecraft:drop":17,"minecraft:damage_dealt":9719,"minecraft:swim_one_cm":16274,"minecraft:fly_one_cm":85860,"minecraft:open_chest":102,"minecraft:crouch_one_cm":8240,"minecraft:play_time":143975,"minecraft:deaths":1,"minecraft:sneak_time":3491,"minecraft:walk_under_water_one_cm":5983,"minecraft:jump":942,"minecraft:walk_on_water_one_cm":12949,"minecraft:total_world_time":143975,"minecraft:fall_one_cm":14721},"minecraft:used":{"minecraft:azalea":4,"minecraft:moss_block":16,"minecraft:wheat_seeds":100,"minecraft:stone_sword":100,"minecraft:stone_pickaxe":117,"minecraft:chest":6,"minecraft:wooden_shovel":11,"minecraft:sugar_cane":83,"minecraft:rotten_flesh":7,"minecraft:iron_chestplate":1,"minecraft:torch":34,"minecraft:glow_berries":5,"minecraft:dirt":1,"minecraft:sand":3,"minecraft:crafting_table":1,"minecraft:dark_oak_fence_gate":1,"minecraft:white_bed":3,"minecraft:dark_oak_door":1,"minecraft:dark_oak_planks":134,"minecraft:wooden_axe":55,"minecraft:bread":21,"minecraft:iron_boots":1,"minecraft:gravel":1,"minecraft:stone_axe":64,"minecraft:cobblestone":25,"minecraft:furnace":2,"minecraft:dark_oak_fence":49,"minecraft:andesite":2,"minecraft:seagrass":2,"minecraft:iron_leggings":1,"minecraft:bone_meal":7,"minecraft:dark_oak_sapling":1},"minecraft:killed_by":{"solo_leveling:centipie":1},"minecraft:picked_up":{"minecraft:crafting_table":1,"minecraft:wheat":73,"minecraft:feather":3,"minecraft:chicken":5,"minecraft:salmon":1,"minecraft:clay_ball":7,"minecraft:glow_ink_sac":1,"minecraft:andesite":2,"minecraft:brown_wool":1,"minecraft:lead":1,"minecraft:gunpowder":6,"minecraft:string":6,"minecraft:dirt":2,"minecraft:moss_carpet":15,"minecraft:bone":6,"minecraft:bow":1,"minecraft:wheat_seeds":209,"minecraft:azalea":9,"minecraft:moss_block":39,"minecraft:sugar_cane":256,"minecraft:flowering_azalea":3,"minecraft:egg":2,"minecraft:furnace":1,"minecraft:raw_iron":40,"minecraft:dark_oak_sapling":2,"minecraft:oak_slab":7,"minecraft:stick":3,"minecraft:torch":18,"minecraft:gravel":5,"minecraft:porkchop":7,"minecraft:sand":6,"minecraft:white_bed":1,"minecraft:diorite":5,"minecraft:spider_eye":1,"minecraft:dark_oak_log":54,"minecraft:dark_oak_planks":58,"minecraft:arrow":10,"minecraft:rotten_flesh":22,"minecraft:mutton":7,"minecraft:white_wool":4,"minecraft:seagrass":2,"minecraft:glow_berries":5,"minecraft:coal":50,"minecraft:cobblestone":9,"minecraft:wooden_axe":1},"minecraft:dropped":{"minecraft:wheat_seeds":12,"minecraft:feather":1,"minecraft:wooden_axe":1,"minecraft:arrow":1,"minecraft:dark_oak_planks":42},"minecraft:mined":{"minecraft:dark_oak_planks":43,"minecraft:oak_slab":6,"minecraft:white_bed":1,"minecraft:dark_oak_log":55,"minecraft:crafting_table":1,"minecraft:cave_vines_plant":1,"minecraft:torch":9,"minecraft:grass_block":1,"minecraft:moss_block":12,"minecraft:sugar_cane":141,"minecraft:diorite":5,"minecraft:wall_torch":8,"minecraft:furnace":1,"minecraft:iron_ore":40,"minecraft:wheat":74,"minecraft:moss_carpet":1,"minecraft:grass":2,"minecraft:coal_ore":50,"minecraft:gravel":1,"minecraft:sand":13,"minecraft:dirt":1,"minecraft:stone":5}},"DataVersion":3465}