{"stats":{"minecraft:crafted":{"minecraft:chest":4,"minecraft:dark_oak_door":3,"minecraft:wooden_shovel":1,"minecraft:dark_oak_planks":152,"minecraft:stick":4,"minecraft:wooden_axe":1},"minecraft:killed":{"minecraft:skeleton":1},"minecraft:custom":{"minecraft:time_since_rest":14324,"minecraft:crouch_one_cm":5983,"minecraft:sprint_one_cm":40095,"minecraft:play_time":21425,"minecraft:deaths":1,"minecraft:walk_one_cm":101481,"minecraft:sneak_time":960,"minecraft:mob_kills":1,"minecraft:drop":2,"minecraft:jump":196,"minecraft:damage_dealt":200,"minecraft:leave_game":2,"minecraft:time_since_death":14104,"minecraft:total_world_time":21425,"minecraft:interact_with_crafting_table":6,"minecraft:fall_one_cm":3692,"minecraft:fly_one_cm":27872},"minecraft:used":{"minecraft:wooden_axe":43,"minecraft:dark_oak_planks":122,"minecraft:chest":4,"minecraft:wooden_shovel":11,"minecraft:dark_oak_sapling":1,"minecraft:dark_oak_door":1},"minecraft:killed_by":{"solo_leveling:centipie":1},"minecraft:picked_up":{"minecraft:bone":1,"minecraft:feather":1,"minecraft:arrow":2,"minecraft:bow":1,"minecraft:sand":3,"minecraft:dark_oak_sapling":1,"minecraft:dark_oak_log":50,"minecraft:stick":3,"minecraft:dark_oak_planks":14},"minecraft:dropped":{"minecraft:feather":1,"minecraft:arrow":1},"minecraft:mined":{"minecraft:dark_oak_planks":6,"minecraft:sand":12,"minecraft:dark_oak_log":55}},"DataVersion":3465}