{"stats":{"minecraft:picked_up":{"minecraft:wooden_axe":1,"minecraft:seagrass":2,"minecraft:iron_chestplate":4,"minecraft:wheat":445,"minecraft:lead":16,"minecraft:string":26,"minecraft:dark_oak_pressure_plate":2,"solo_leveling:magic_crystal":60,"minecraft:iron_leggings":5,"minecraft:cobbled_deepslate":49,"minecraft:bucket":2,"minecraft:azalea":20,"minecraft:iron_pickaxe":4,"minecraft:iron_boots":4,"minecraft:furnace":1,"minecraft:stick":5,"minecraft:big_dripleaf":3,"minecraft:oak_fence":2,"minecraft:torch":131,"minecraft:porkchop":14,"minecraft:diorite":5,"minecraft:cauldron":5,"minecraft:stone_sword":4,"minecraft:rotten_flesh":61,"solo_leveling:dark_bow":3,"solo_leveling:magic_crystalll":120,"minecraft:cobblestone":162,"minecraft:feather":10,"minecraft:iron_door":4,"minecraft:andesite":11,"minecraft:brown_wool":1,"minecraft:dark_oak_boat":1,"minecraft:flint":1,"minecraft:tuff":9,"minecraft:dirt":22,"minecraft:lapis_lazuli":189,"minecraft:bone":28,"minecraft:bow":11,"minecraft:wheat_seeds":1208,"minecraft:raw_gold":3,"solo_leveling:rune_stone":2,"minecraft:moss_block":120,"minecraft:oak_planks":9,"minecraft:oak_pressure_plate":2,"minecraft:sand":16,"minecraft:dark_oak_log":253,"minecraft:polished_andesite":2,"minecraft:diamond":8,"minecraft:granite":7,"minecraft:emerald":5,"minecraft:bread":22,"minecraft:dark_oak_fence":1,"minecraft:crafting_table":1,"solo_leveling:reaper":4,"minecraft:chicken":11,"minecraft:clay_ball":39,"minecraft:iron_axe":2,"minecraft:moss_carpet":31,"minecraft:white_carpet":67,"minecraft:light_gray_wool":3,"minecraft:sugar_cane":939,"minecraft:egg":26,"minecraft:dark_oak_sapling":10,"minecraft:raw_iron":200,"minecraft:carrot":1,"minecraft:redstone":18,"minecraft:dark_oak_planks":85,"minecraft:arrow":41,"minecraft:mutton":13,"minecraft:glow_berries":7,"minecraft:white_wool":10,"minecraft:rail":1,"minecraft:glow_ink_sac":1,"minecraft:salmon":1,"minecraft:leather":7,"minecraft:oak_log":4,"minecraft:gunpowder":35,"minecraft:cobblestone_wall":1,"minecraft:cobblestone_stairs":3,"minecraft:white_banner":1,"minecraft:cooked_mutton":8,"minecraft:red_carpet":74,"minecraft:apple":1,"minecraft:gray_carpet":6,"minecraft:stone_pickaxe":2,"minecraft:iron_ingot":1,"minecraft:flowering_azalea":6,"minecraft:iron_sword":5,"minecraft:book":42,"minecraft:oak_slab":7,"minecraft:pumpkin":7,"minecraft:sweet_berries":30,"minecraft:gravel":6,"minecraft:spruce_sapling":2,"minecraft:white_bed":1,"minecraft:spruce_log":19,"minecraft:spider_eye":2,"minecraft:slime_ball":14,"minecraft:gray_banner":1,"minecraft:iron_helmet":4,"minecraft:gray_wool":3,"minecraft:black_wool":2,"minecraft:coal":170,"minecraft:ender_pearl":1},"minecraft:used":{"minecraft:moss_block":56,"minecraft:chest":7,"minecraft:iron_sword":204,"minecraft:rotten_flesh":10,"minecraft:iron_chestplate":2,"minecraft:axolotl_bucket":1,"minecraft:milk_bucket":2,"minecraft:lava_bucket":2,"minecraft:iron_helmet":2,"minecraft:red_carpet":46,"minecraft:bow":51,"minecraft:dark_oak_boat":1,"minecraft:hay_block":2,"minecraft:sweet_berries":1,"minecraft:furnace":2,"minecraft:egg":26,"minecraft:gray_banner":1,"minecraft:seagrass":2,"minecraft:dark_oak_sapling":1,"minecraft:stone_pickaxe":236,"minecraft:sugar_cane":84,"minecraft:white_wool":1,"minecraft:glow_berries":7,"minecraft:sand":13,"minecraft:blast_furnace":1,"minecraft:bread":79,"minecraft:gravel":1,"minecraft:dark_oak_fence":58,"minecraft:andesite":6,"minecraft:bone_meal":7,"minecraft:azalea":4,"minecraft:stone_sword":101,"minecraft:wooden_shovel":11,"minecraft:stone_hoe":1,"minecraft:cooked_chicken":7,"minecraft:torch":187,"minecraft:dirt":19,"minecraft:white_carpet":65,"minecraft:granite":7,"minecraft:wooden_axe":114,"minecraft:dark_oak_planks":154,"minecraft:iron_axe":249,"minecraft:iron_boots":2,"minecraft:cobbled_deepslate":18,"minecraft:pumpkin":7,"minecraft:iron_leggings":2,"minecraft:wheat_seeds":478,"minecraft:cooked_mutton":10,"minecraft:water_bucket":15,"minecraft:cobblestone_stairs":14,"minecraft:baked_potato":2,"minecraft:cauldron":3,"minecraft:stonecutter":1,"minecraft:cobblestone_slab":7,"minecraft:crafting_table":3,"minecraft:white_bed":3,"minecraft:dark_oak_fence_gate":3,"minecraft:dark_oak_door":1,"solo_leveling:reaper":770,"minecraft:chicken":1,"minecraft:iron_pickaxe":600,"minecraft:spruce_sapling":1,"minecraft:stone_axe":75,"minecraft:cobblestone":258,"minecraft:white_banner":1,"minecraft:porkchop":2,"minecraft:bucket":23},"minecraft:killed_by":{"solo_leveling:goblin_2":1,"solo_leveling:giga_goblin":3,"solo_leveling:centipie":2},"minecraft:mined":{"minecraft:white_bed":1,"minecraft:cobblestone_stairs":3,"minecraft:carved_pumpkin":1,"minecraft:cave_vines_plant":2,"minecraft:granite":7,"minecraft:grass_block":4,"minecraft:spawner":3,"minecraft:iron_ore":115,"minecraft:fire":160,"minecraft:pumpkin":7,"minecraft:moss_carpet":3,"minecraft:deepslate_lapis_ore":14,"minecraft:cave_vines":2,"solo_leveling:magic_crystal":53,"minecraft:azalea":7,"minecraft:deepslate_redstone_ore":2,"minecraft:clay":8,"minecraft:torch":24,"minecraft:chest":1,"minecraft:cobblestone":29,"minecraft:sugar_cane":489,"minecraft:oak_planks":9,"minecraft:iron_door":4,"minecraft:wall_torch":24,"minecraft:cauldron":5,"minecraft:wheat":451,"minecraft:grass":18,"minecraft:oak_log":5,"minecraft:dark_oak_sapling":1,"minecraft:sand":26,"minecraft:dirt":1,"minecraft:oak_leaves":1,"minecraft:deepslate":51,"minecraft:diamond_ore":1,"minecraft:tuff":9,"minecraft:red_carpet":71,"minecraft:dark_oak_leaves":9,"minecraft:deepslate_diamond_ore":7,"minecraft:dark_oak_log":254,"minecraft:dark_oak_pressure_plate":2,"minecraft:dark_oak_fence":1,"minecraft:spruce_leaves":29,"minecraft:moss_block":100,"minecraft:large_fern":1,"minecraft:redstone_ore":2,"minecraft:furnace":1,"minecraft:gray_wall_banner":1,"minecraft:andesite":11,"minecraft:bookshelf":14,"minecraft:cobblestone_slab":2,"minecraft:deepslate_iron_ore":89,"minecraft:vine":1,"minecraft:stone":135,"minecraft:podzol":1,"minecraft:oak_slab":6,"minecraft:glass_pane":4,"minecraft:oak_fence":2,"minecraft:crafting_table":1,"minecraft:tall_grass":6,"minecraft:deepslate_coal_ore":4,"minecraft:lapis_ore":16,"minecraft:diorite":5,"minecraft:big_dripleaf":1,"minecraft:cobblestone_wall":1,"minecraft:sweet_berry_bush":10,"minecraft:white_carpet":67,"minecraft:spruce_log":19,"minecraft:coal_ore":171,"minecraft:gravel":3,"minecraft:gray_carpet":6,"minecraft:cobweb":7,"minecraft:polished_andesite":2,"minecraft:gold_ore":3,"minecraft:fern":2,"minecraft:dark_oak_planks":61},"minecraft:broken":{"minecraft:stone_pickaxe":2,"minecraft:stone_axe":1,"minecraft:wooden_axe":2,"minecraft:iron_axe":1,"minecraft:iron_pickaxe":1},"minecraft:custom":{"minecraft:animals_bred":10,"minecraft:interact_with_crafting_table":87,"minecraft:bell_ring":4,"minecraft:leave_game":31,"minecraft:time_since_death":86066,"minecraft:sprint_one_cm":1097878,"minecraft:drop":77,"minecraft:talked_to_villager":4,"minecraft:play_time":680719,"minecraft:deaths":8,"minecraft:jump":4992,"minecraft:walk_on_water_one_cm":73077,"minecraft:interact_with_furnace":112,"minecraft:sleep_in_bed":19,"minecraft:damage_dealt":48815,"minecraft:crouch_one_cm":43964,"minecraft:use_cauldron":1,"minecraft:mob_kills":340,"minecraft:fill_cauldron":2,"minecraft:climb_one_cm":6213,"minecraft:walk_one_cm":3515272,"minecraft:sneak_time":15941,"minecraft:walk_under_water_one_cm":22244,"minecraft:boat_one_cm":37305,"minecraft:interact_with_blast_furnace":13,"minecraft:total_world_time":680719,"minecraft:interact_with_stonecutter":3,"minecraft:time_since_rest":69687,"minecraft:swim_one_cm":18806,"minecraft:fly_one_cm":472521,"minecraft:open_chest":396,"minecraft:fall_one_cm":78072},"minecraft:dropped":{"minecraft:iron_sword":1,"minecraft:moss_block":16,"solo_leveling:dark_bow":4,"minecraft:rail":1,"minecraft:red_carpet":6,"minecraft:mutton":2,"solo_leveling:reaper":2,"minecraft:iron_pickaxe":1,"minecraft:dark_oak_planks":42,"minecraft:dark_oak_boat":1,"minecraft:rotten_flesh":10,"minecraft:azalea":1,"minecraft:arrow":79,"minecraft:bread":3,"minecraft:wheat_seeds":13,"minecraft:feather":3,"minecraft:oak_fence":2,"minecraft:stick":3,"minecraft:torch":3,"minecraft:wooden_axe":1,"minecraft:string":8,"solo_leveling:rune_stone":1,"minecraft:moss_carpet":2,"minecraft:stone_sword":2,"minecraft:white_carpet":1,"minecraft:clay_ball":8,"minecraft:big_dripleaf":3,"minecraft:spider_eye":1,"minecraft:bow":7},"minecraft:killed":{"minecraft:spider":21,"minecraft:skeleton":46,"minecraft:chicken":12,"solo_leveling:spider_boss":2,"solo_leveling:boss_golem":3,"minecraft:turtle":2,"solo_leveling:giga_goblin":2,"minecraft:pig":7,"minecraft:zombie_villager":1,"minecraft:salmon":1,"solo_leveling:goblin_2":38,"minecraft:creeper":30,"minecraft:sheep":9,"minecraft:trader_llama":5,"minecraft:pillager":2,"minecraft:zombie":62,"solo_leveling:goblin":48,"minecraft:allay":6,"minecraft:vindicator":9,"minecraft:slime":18,"minecraft:phantom":1,"minecraft:bat":3,"minecraft:wandering_trader":3,"solo_leveling:serpent":2,"minecraft:enderman":1},"minecraft:crafted":{"minecraft:brick":279,"minecraft:oak_planks":16,"minecraft:smooth_stone":18,"minecraft:dark_oak_boat":1,"minecraft:cooked_chicken":7,"minecraft:stone":44,"minecraft:cooked_mutton":10,"minecraft:dark_oak_door":3,"minecraft:iron_boots":1,"minecraft:chest":7,"minecraft:bricks":63,"minecraft:wooden_shovel":1,"minecraft:cooked_porkchop":12,"minecraft:crafting_table":3,"minecraft:baked_potato":2,"minecraft:iron_helmet":1,"minecraft:copper_ingot":21,"minecraft:hay_block":2,"minecraft:iron_chestplate":1,"minecraft:paper":363,"minecraft:stick":32,"minecraft:iron_ingot":89,"minecraft:iron_pickaxe":2,"minecraft:stone_sword":1,"minecraft:dark_oak_fence_gate":3,"minecraft:shears":1,"minecraft:furnace":2,"minecraft:blast_furnace":1,"minecraft:bone_meal":15,"minecraft:dark_oak_fence":57,"minecraft:iron_axe":1,"minecraft:stone_pickaxe":2,"minecraft:dark_oak_planks":324,"minecraft:coal_block":5,"minecraft:iron_sword":1,"minecraft:bucket":2,"minecraft:stone_axe":1,"minecraft:air":0,"minecraft:bread":128,"minecraft:white_wool":1,"minecraft:wooden_axe":3,"minecraft:iron_leggings":1,"minecraft:stonecutter":1,"minecraft:white_bed":2,"minecraft:torch":144}},"DataVersion":3465}