{"stats":{"minecraft:broken":{"minecraft:stone_pickaxe":2,"minecraft:stone_axe":1,"minecraft:iron_pickaxe":1,"minecraft:wooden_axe":2},"minecraft:crafted":{"minecraft:brick":87,"minecraft:smooth_stone":18,"minecraft:dark_oak_boat":1,"minecraft:cooked_chicken":5,"minecraft:furnace":2,"minecraft:blast_furnace":1,"minecraft:stone":44,"minecraft:bone_meal":15,"minecraft:cooked_mutton":10,"minecraft:dark_oak_door":3,"minecraft:dark_oak_fence":57,"minecraft:iron_boots":1,"minecraft:chest":6,"minecraft:bricks":15,"minecraft:dark_oak_planks":312,"minecraft:coal_block":5,"minecraft:wooden_shovel":1,"minecraft:cooked_porkchop":12,"minecraft:crafting_table":1,"minecraft:iron_helmet":1,"minecraft:iron_sword":1,"minecraft:bucket":1,"minecraft:hay_block":2,"minecraft:bread":40,"minecraft:air":0,"minecraft:white_wool":1,"minecraft:iron_chestplate":1,"minecraft:paper":171,"minecraft:stick":8,"minecraft:iron_ingot":40,"minecraft:wooden_axe":3,"minecraft:iron_leggings":1,"minecraft:stonecutter":1,"minecraft:white_bed":2,"minecraft:dark_oak_fence_gate":3,"minecraft:torch":8},"minecraft:killed":{"minecraft:allay":4,"minecraft:vindicator":5,"minecraft:spider":13,"minecraft:phantom":1,"minecraft:skeleton":22,"minecraft:chicken":8,"solo_leveling:spider_boss":1,"solo_leveling:boss_golem":1,"minecraft:turtle":2,"solo_leveling:giga_goblin":1,"minecraft:pig":7,"minecraft:zombie_villager":1,"minecraft:salmon":1,"solo_leveling:goblin_2":19,"minecraft:wandering_trader":1,"minecraft:creeper":19,"minecraft:sheep":8,"minecraft:trader_llama":2,"minecraft:pillager":2,"minecraft:zombie":33,"solo_leveling:serpent":2,"solo_leveling:goblin":23,"minecraft:enderman":1},"minecraft:custom":{"minecraft:mob_kills":177,"minecraft:animals_bred":4,"minecraft:interact_with_crafting_table":61,"minecraft:leave_game":4,"minecraft:time_since_death":112142,"minecraft:climb_one_cm":3520,"minecraft:sprint_one_cm":646075,"minecraft:walk_one_cm":1712400,"minecraft:drop":31,"minecraft:talked_to_villager":2,"minecraft:play_time":317975,"minecraft:deaths":4,"minecraft:sneak_time":12014,"minecraft:walk_under_water_one_cm":11977,"minecraft:boat_one_cm":37305,"minecraft:jump":2386,"minecraft:interact_with_blast_furnace":2,"minecraft:walk_on_water_one_cm":32622,"minecraft:total_world_time":317975,"minecraft:interact_with_furnace":86,"minecraft:interact_with_stonecutter":3,"minecraft:sleep_in_bed":8,"minecraft:time_since_rest":35047,"minecraft:damage_dealt":26862,"minecraft:fly_one_cm":219957,"minecraft:swim_one_cm":16610,"minecraft:open_chest":178,"minecraft:crouch_one_cm":33387,"minecraft:fall_one_cm":39686},"minecraft:used":{"minecraft:azalea":4,"minecraft:moss_block":19,"minecraft:stone_sword":101,"minecraft:chest":6,"minecraft:iron_sword":105,"minecraft:stone_hoe":1,"minecraft:rotten_flesh":7,"minecraft:wooden_shovel":11,"minecraft:cooked_chicken":5,"minecraft:iron_chestplate":2,"minecraft:torch":41,"minecraft:dirt":16,"minecraft:granite":1,"minecraft:wooden_axe":114,"minecraft:dark_oak_planks":136,"minecraft:iron_helmet":2,"minecraft:iron_boots":2,"minecraft:bow":51,"minecraft:dark_oak_boat":1,"minecraft:hay_block":2,"minecraft:sweet_berries":1,"minecraft:furnace":2,"minecraft:egg":7,"minecraft:pumpkin":7,"minecraft:seagrass":2,"minecraft:iron_leggings":2,"minecraft:dark_oak_sapling":1,"minecraft:wheat_seeds":194,"minecraft:cooked_mutton":7,"minecraft:water_bucket":9,"minecraft:cobblestone_stairs":14,"minecraft:stone_pickaxe":140,"minecraft:sugar_cane":83,"minecraft:stonecutter":1,"minecraft:cobblestone_slab":7,"minecraft:glow_berries":7,"minecraft:sand":13,"minecraft:crafting_table":2,"minecraft:blast_furnace":1,"minecraft:white_bed":3,"minecraft:dark_oak_fence_gate":3,"minecraft:dark_oak_door":1,"solo_leveling:reaper":356,"minecraft:chicken":1,"minecraft:bread":44,"minecraft:iron_pickaxe":274,"minecraft:gravel":1,"minecraft:stone_axe":64,"minecraft:cobblestone":105,"minecraft:white_banner":1,"minecraft:dark_oak_fence":58,"minecraft:andesite":2,"minecraft:bucket":10,"minecraft:bone_meal":7},"minecraft:killed_by":{"solo_leveling:giga_goblin":2,"solo_leveling:centipie":1},"minecraft:picked_up":{"minecraft:seagrass":2,"minecraft:iron_chestplate":2,"minecraft:crafting_table":1,"minecraft:wheat":164,"minecraft:chicken":8,"minecraft:clay_ball":27,"minecraft:lead":13,"solo_leveling:magic_crystal":23,"minecraft:string":13,"minecraft:moss_carpet":17,"minecraft:iron_leggings":3,"minecraft:white_carpet":64,"minecraft:azalea":11,"minecraft:iron_pickaxe":2,"minecraft:sugar_cane":479,"minecraft:iron_boots":2,"minecraft:furnace":1,"minecraft:egg":7,"minecraft:dark_oak_sapling":2,"minecraft:stick":3,"minecraft:raw_iron":88,"minecraft:torch":31,"minecraft:porkchop":14,"minecraft:diorite":5,"minecraft:cauldron":4,"minecraft:dark_oak_planks":67,"minecraft:stone_sword":4,"minecraft:arrow":23,"minecraft:rotten_flesh":31,"solo_leveling:magic_crystalll":50,"minecraft:glow_berries":7,"minecraft:mutton":12,"minecraft:white_wool":7,"minecraft:cobblestone":89,"minecraft:feather":7,"minecraft:iron_door":4,"minecraft:leather":3,"minecraft:glow_ink_sac":1,"minecraft:andesite":2,"minecraft:salmon":1,"minecraft:brown_wool":1,"minecraft:dark_oak_boat":1,"minecraft:gunpowder":21,"minecraft:cobblestone_stairs":3,"minecraft:lapis_lazuli":15,"minecraft:dirt":22,"minecraft:white_banner":1,"minecraft:cooked_mutton":8,"minecraft:red_carpet":69,"minecraft:bone":21,"minecraft:gray_carpet":6,"minecraft:bow":10,"minecraft:wheat_seeds":447,"minecraft:iron_ingot":1,"minecraft:stone_pickaxe":2,"solo_leveling:rune_stone":1,"minecraft:iron_sword":2,"minecraft:moss_block":42,"minecraft:flowering_azalea":5,"minecraft:book":36,"minecraft:oak_slab":7,"minecraft:pumpkin":7,"minecraft:sweet_berries":30,"minecraft:gravel":5,"minecraft:sand":16,"minecraft:white_bed":1,"minecraft:dark_oak_log":58,"minecraft:spider_eye":1,"minecraft:polished_andesite":2,"minecraft:gray_banner":1,"minecraft:iron_helmet":2,"minecraft:granite":1,"minecraft:emerald":4,"minecraft:bread":18,"minecraft:dark_oak_fence":1,"minecraft:coal":132,"minecraft:ender_pearl":1,"minecraft:wooden_axe":1},"minecraft:dropped":{"minecraft:wheat_seeds":12,"minecraft:feather":1,"minecraft:red_carpet":5,"minecraft:stick":2,"minecraft:torch":3,"minecraft:mutton":2,"minecraft:wooden_axe":1,"minecraft:string":2,"minecraft:dark_oak_planks":42,"minecraft:dark_oak_boat":1,"minecraft:stone_sword":2,"minecraft:arrow":1,"minecraft:bow":5},"minecraft:mined":{"minecraft:dark_oak_planks":52,"minecraft:red_carpet":66,"minecraft:white_bed":1,"minecraft:cobblestone_stairs":3,"minecraft:dark_oak_log":55,"minecraft:granite":1,"minecraft:cave_vines_plant":1,"minecraft:dark_oak_fence":1,"minecraft:grass_block":4,"minecraft:spruce_leaves":23,"minecraft:moss_block":17,"minecraft:large_fern":1,"minecraft:furnace":1,"minecraft:iron_ore":89,"minecraft:fire":105,"minecraft:gray_wall_banner":1,"minecraft:pumpkin":7,"minecraft:moss_carpet":1,"minecraft:bookshelf":12,"solo_leveling:magic_crystal":23,"minecraft:azalea":1,"minecraft:stone":84,"minecraft:podzol":1,"minecraft:oak_slab":6,"minecraft:clay":5,"minecraft:crafting_table":1,"minecraft:torch":12,"minecraft:cobblestone":5,"minecraft:lapis_ore":2,"minecraft:sugar_cane":257,"minecraft:iron_door":4,"minecraft:diorite":5,"minecraft:wall_torch":12,"minecraft:cauldron":4,"minecraft:sweet_berry_bush":10,"minecraft:wheat":167,"minecraft:white_carpet":65,"minecraft:grass":7,"minecraft:coal_ore":134,"minecraft:gravel":1,"minecraft:sand":26,"minecraft:dirt":1,"minecraft:gray_carpet":6,"minecraft:cobweb":2,"minecraft:polished_andesite":2,"minecraft:fern":1}},"DataVersion":3465}