{"stats":{"minecraft:broken":{"minecraft:stone_pickaxe":2,"minecraft:stone_axe":1,"minecraft:iron_pickaxe":1,"minecraft:wooden_axe":2},"minecraft:crafted":{"minecraft:brick":87,"minecraft:smooth_stone":18,"minecraft:dark_oak_boat":1,"minecraft:cooked_chicken":6,"minecraft:furnace":2,"minecraft:blast_furnace":1,"minecraft:stone":44,"minecraft:bone_meal":15,"minecraft:cooked_mutton":10,"minecraft:dark_oak_door":3,"minecraft:dark_oak_fence":57,"minecraft:iron_boots":1,"minecraft:chest":6,"minecraft:bricks":15,"minecraft:dark_oak_planks":312,"minecraft:coal_block":5,"minecraft:wooden_shovel":1,"minecraft:cooked_porkchop":12,"minecraft:crafting_table":1,"minecraft:iron_helmet":1,"minecraft:iron_sword":1,"minecraft:bucket":2,"minecraft:hay_block":2,"minecraft:bread":59,"minecraft:air":0,"minecraft:white_wool":1,"minecraft:iron_chestplate":1,"minecraft:paper":171,"minecraft:stick":8,"minecraft:iron_ingot":89,"minecraft:iron_pickaxe":1,"minecraft:wooden_axe":3,"minecraft:iron_leggings":1,"minecraft:stonecutter":1,"minecraft:white_bed":2,"minecraft:dark_oak_fence_gate":3,"minecraft:torch":84,"minecraft:shears":1},"minecraft:killed":{"minecraft:allay":6,"minecraft:spider":15,"minecraft:vindicator":9,"minecraft:phantom":1,"minecraft:skeleton":24,"minecraft:chicken":10,"solo_leveling:spider_boss":2,"solo_leveling:boss_golem":1,"minecraft:turtle":2,"solo_leveling:giga_goblin":1,"minecraft:pig":7,"minecraft:zombie_villager":1,"minecraft:salmon":1,"solo_leveling:goblin_2":19,"minecraft:wandering_trader":1,"minecraft:creeper":23,"minecraft:sheep":8,"minecraft:trader_llama":2,"minecraft:pillager":2,"minecraft:zombie":37,"solo_leveling:serpent":2,"solo_leveling:goblin":23,"minecraft:enderman":1},"minecraft:custom":{"minecraft:mob_kills":198,"minecraft:animals_bred":10,"minecraft:interact_with_crafting_table":66,"minecraft:leave_game":6,"minecraft:time_since_death":168672,"minecraft:climb_one_cm":4629,"minecraft:sprint_one_cm":738909,"minecraft:walk_one_cm":2089446,"minecraft:drop":40,"minecraft:talked_to_villager":3,"minecraft:play_time":374505,"minecraft:deaths":4,"minecraft:sneak_time":12417,"minecraft:walk_under_water_one_cm":14099,"minecraft:boat_one_cm":37305,"minecraft:jump":2745,"minecraft:interact_with_blast_furnace":4,"minecraft:walk_on_water_one_cm":41627,"minecraft:total_world_time":374505,"minecraft:interact_with_furnace":90,"minecraft:interact_with_stonecutter":3,"minecraft:sleep_in_bed":10,"minecraft:time_since_rest":12521,"minecraft:damage_dealt":30477,"minecraft:swim_one_cm":17832,"minecraft:fly_one_cm":248892,"minecraft:open_chest":215,"minecraft:crouch_one_cm":35429,"minecraft:fall_one_cm":47492},"minecraft:used":{"minecraft:azalea":4,"minecraft:moss_block":29,"minecraft:stone_sword":101,"minecraft:chest":6,"minecraft:iron_sword":154,"minecraft:wooden_shovel":11,"minecraft:cooked_chicken":6,"minecraft:rotten_flesh":7,"minecraft:stone_hoe":1,"minecraft:torch":50,"minecraft:iron_chestplate":2,"minecraft:dirt":19,"minecraft:white_carpet":65,"minecraft:granite":1,"minecraft:milk_bucket":1,"minecraft:dark_oak_planks":146,"minecraft:wooden_axe":114,"minecraft:iron_helmet":2,"minecraft:iron_boots":2,"minecraft:red_carpet":46,"minecraft:bow":51,"minecraft:dark_oak_boat":1,"minecraft:hay_block":2,"minecraft:sweet_berries":1,"minecraft:furnace":2,"minecraft:egg":16,"minecraft:gray_banner":1,"minecraft:seagrass":2,"minecraft:pumpkin":7,"minecraft:iron_leggings":2,"minecraft:dark_oak_sapling":1,"minecraft:wheat_seeds":268,"minecraft:cooked_mutton":7,"minecraft:water_bucket":9,"minecraft:cobblestone_stairs":14,"minecraft:stone_pickaxe":140,"minecraft:cauldron":3,"minecraft:sugar_cane":84,"minecraft:cobblestone_slab":7,"minecraft:stonecutter":1,"minecraft:white_wool":1,"minecraft:glow_berries":7,"minecraft:sand":13,"minecraft:crafting_table":2,"minecraft:blast_furnace":1,"minecraft:white_bed":3,"minecraft:dark_oak_fence_gate":3,"minecraft:dark_oak_door":1,"solo_leveling:reaper":519,"minecraft:chicken":1,"minecraft:iron_pickaxe":292,"minecraft:bread":49,"minecraft:gravel":1,"minecraft:stone_axe":64,"minecraft:cobblestone":126,"minecraft:porkchop":2,"minecraft:dark_oak_fence":58,"minecraft:white_banner":1,"minecraft:andesite":2,"minecraft:bucket":12,"minecraft:bone_meal":7},"minecraft:killed_by":{"solo_leveling:giga_goblin":2,"solo_leveling:centipie":1},"minecraft:picked_up":{"minecraft:wooden_axe":1,"minecraft:seagrass":2,"minecraft:crafting_table":1,"minecraft:iron_chestplate":2,"minecraft:wheat":237,"minecraft:chicken":9,"minecraft:clay_ball":27,"minecraft:lead":13,"solo_leveling:magic_crystal":23,"minecraft:string":16,"minecraft:moss_carpet":18,"minecraft:iron_leggings":3,"minecraft:white_carpet":67,"minecraft:azalea":16,"minecraft:light_gray_wool":3,"minecraft:iron_pickaxe":2,"minecraft:sugar_cane":709,"minecraft:furnace":1,"minecraft:iron_boots":2,"minecraft:egg":16,"minecraft:dark_oak_sapling":2,"minecraft:stick":3,"minecraft:raw_iron":88,"minecraft:torch":41,"minecraft:porkchop":14,"minecraft:diorite":5,"minecraft:cauldron":5,"minecraft:dark_oak_planks":68,"minecraft:stone_sword":4,"minecraft:arrow":23,"minecraft:rotten_flesh":35,"solo_leveling:magic_crystalll":51,"minecraft:glow_berries":7,"minecraft:mutton":12,"minecraft:white_wool":10,"minecraft:cobblestone":101,"minecraft:feather":8,"minecraft:brown_wool":1,"minecraft:iron_door":4,"minecraft:glow_ink_sac":1,"minecraft:andesite":2,"minecraft:salmon":1,"minecraft:leather":3,"minecraft:dark_oak_boat":1,"minecraft:cobblestone_wall":1,"minecraft:gunpowder":23,"minecraft:cobblestone_stairs":3,"minecraft:lapis_lazuli":15,"minecraft:dirt":22,"minecraft:white_banner":1,"minecraft:cooked_mutton":8,"minecraft:red_carpet":74,"minecraft:bone":22,"minecraft:gray_carpet":6,"minecraft:bow":11,"minecraft:wheat_seeds":648,"minecraft:iron_ingot":1,"minecraft:stone_pickaxe":2,"solo_leveling:rune_stone":1,"minecraft:moss_block":64,"minecraft:iron_sword":2,"minecraft:flowering_azalea":5,"minecraft:book":42,"minecraft:oak_slab":7,"minecraft:pumpkin":7,"minecraft:sweet_berries":30,"minecraft:gravel":5,"minecraft:sand":16,"minecraft:white_bed":1,"minecraft:dark_oak_log":58,"minecraft:spider_eye":1,"minecraft:polished_andesite":2,"minecraft:gray_banner":1,"minecraft:iron_helmet":2,"minecraft:granite":1,"minecraft:gray_wool":3,"minecraft:emerald":5,"minecraft:bread":18,"minecraft:black_wool":2,"minecraft:dark_oak_fence":1,"minecraft:coal":132,"minecraft:ender_pearl":1},"minecraft:dropped":{"minecraft:wheat_seeds":13,"minecraft:feather":1,"minecraft:red_carpet":6,"minecraft:stick":2,"minecraft:torch":3,"minecraft:mutton":2,"minecraft:wooden_axe":1,"minecraft:string":2,"minecraft:dark_oak_planks":42,"minecraft:dark_oak_boat":1,"minecraft:stone_sword":2,"minecraft:white_carpet":1,"minecraft:rotten_flesh":4,"minecraft:arrow":1,"minecraft:bow":7},"minecraft:mined":{"minecraft:red_carpet":71,"minecraft:white_bed":1,"minecraft:cobblestone_stairs":3,"minecraft:dark_oak_log":55,"minecraft:carved_pumpkin":1,"minecraft:cave_vines_plant":1,"minecraft:granite":1,"minecraft:dark_oak_fence":1,"minecraft:grass_block":4,"minecraft:spruce_leaves":23,"minecraft:moss_block":39,"minecraft:large_fern":1,"minecraft:furnace":1,"minecraft:iron_ore":89,"minecraft:fire":160,"minecraft:gray_wall_banner":1,"minecraft:moss_carpet":1,"minecraft:pumpkin":7,"minecraft:cave_vines":1,"minecraft:bookshelf":14,"minecraft:cobblestone_slab":2,"solo_leveling:magic_crystal":23,"minecraft:azalea":6,"minecraft:stone":84,"minecraft:podzol":1,"minecraft:oak_slab":6,"minecraft:glass_pane":4,"minecraft:clay":5,"minecraft:crafting_table":1,"minecraft:torch":16,"minecraft:chest":1,"minecraft:tall_grass":1,"minecraft:cobblestone":17,"minecraft:lapis_ore":2,"minecraft:sugar_cane":373,"minecraft:diorite":5,"minecraft:iron_door":4,"minecraft:wall_torch":18,"minecraft:cauldron":5,"minecraft:cobblestone_wall":1,"minecraft:wheat":241,"minecraft:sweet_berry_bush":10,"minecraft:white_carpet":67,"minecraft:grass":9,"minecraft:coal_ore":134,"minecraft:gravel":1,"minecraft:sand":26,"minecraft:dirt":1,"minecraft:gray_carpet":6,"minecraft:cobweb":3,"minecraft:polished_andesite":2,"minecraft:oak_leaves":1,"minecraft:fern":1,"minecraft:dark_oak_planks":53}},"DataVersion":3465}