{"stats":{"minecraft:broken":{"minecraft:wooden_axe":1},"minecraft:crafted":{"minecraft:dark_oak_door":3,"minecraft:wooden_shovel":1,"minecraft:stick":4,"minecraft:wooden_axe":2,"minecraft:chest":4,"minecraft:furnace":1,"minecraft:dark_oak_planks":188},"minecraft:killed":{"minecraft:skeleton":2,"minecraft:zombie":5},"minecraft:custom":{"minecraft:time_since_rest":25037,"minecraft:interact_with_furnace":2,"minecraft:sprint_one_cm":41719,"minecraft:walk_one_cm":131186,"minecraft:mob_kills":7,"minecraft:drop":4,"minecraft:damage_dealt":1334,"minecraft:interact_with_crafting_table":10,"minecraft:fly_one_cm":30087,"minecraft:open_chest":10,"minecraft:crouch_one_cm":6745,"minecraft:play_time":32138,"minecraft:deaths":1,"minecraft:sneak_time":1421,"minecraft:jump":205,"minecraft:leave_game":3,"minecraft:time_since_death":24817,"minecraft:total_world_time":32138,"minecraft:fall_one_cm":3692},"minecraft:used":{"minecraft:dark_oak_planks":132,"minecraft:wooden_axe":55,"minecraft:chest":4,"minecraft:wooden_shovel":11,"minecraft:furnace":1,"minecraft:dark_oak_door":1,"minecraft:dark_oak_sapling":1},"minecraft:killed_by":{"solo_leveling:centipie":1},"minecraft:picked_up":{"minecraft:wooden_axe":1,"minecraft:dark_oak_sapling":1,"minecraft:stick":3,"minecraft:feather":1,"minecraft:sand":5,"minecraft:dark_oak_log":50,"minecraft:dark_oak_planks":15,"minecraft:arrow":2,"minecraft:bone":2,"minecraft:rotten_flesh":3,"minecraft:bow":1},"minecraft:dropped":{"minecraft:wooden_axe":1,"minecraft:feather":1,"minecraft:arrow":1,"minecraft:dark_oak_planks":1},"minecraft:mined":{"minecraft:dark_oak_planks":6,"minecraft:dark_oak_log":55,"minecraft:sand":12}},"DataVersion":3465}