{"stats":{"minecraft:crafted":{"minecraft:dark_oak_planks":24},"minecraft:killed":{"minecraft:skeleton":1},"minecraft:custom":{"minecraft:time_since_rest":2324,"minecraft:crouch_one_cm":2,"minecraft:sprint_one_cm":13761,"minecraft:play_time":9425,"minecraft:deaths":1,"minecraft:walk_one_cm":45117,"minecraft:sneak_time":16,"minecraft:mob_kills":1,"minecraft:drop":1,"minecraft:jump":124,"minecraft:damage_dealt":200,"minecraft:leave_game":2,"minecraft:time_since_death":2104,"minecraft:total_world_time":9425,"minecraft:fall_one_cm":3154,"minecraft:fly_one_cm":20722},"minecraft:killed_by":{"solo_leveling:centipie":1},"minecraft:picked_up":{"minecraft:bone":1,"minecraft:feather":1,"minecraft:arrow":1,"minecraft:bow":1,"minecraft:dark_oak_log":9},"minecraft:dropped":{"minecraft:feather":1},"minecraft:mined":{"minecraft:dark_oak_log":8}},"DataVersion":3465}