{"stats":{"minecraft:broken":{"minecraft:wooden_axe":1},"minecraft:crafted":{"minecraft:dark_oak_door":3,"minecraft:wooden_shovel":1,"minecraft:stick":4,"minecraft:wooden_axe":2,"minecraft:chest":4,"minecraft:furnace":1,"minecraft:dark_oak_planks":188,"minecraft:air":0,"minecraft:brick":24,"minecraft:bread":2},"minecraft:killed":{"minecraft:skeleton":2,"minecraft:zombie":5,"minecraft:creeper":1},"minecraft:custom":{"minecraft:time_since_rest":47300,"minecraft:interact_with_furnace":10,"minecraft:sprint_one_cm":54713,"minecraft:walk_one_cm":204098,"minecraft:mob_kills":8,"minecraft:drop":5,"minecraft:damage_dealt":1534,"minecraft:interact_with_crafting_table":12,"minecraft:fly_one_cm":33086,"minecraft:open_chest":23,"minecraft:crouch_one_cm":7040,"minecraft:play_time":54401,"minecraft:deaths":1,"minecraft:sneak_time":1500,"minecraft:jump":226,"minecraft:leave_game":4,"minecraft:walk_on_water_one_cm":510,"minecraft:time_since_death":47080,"minecraft:total_world_time":54401,"minecraft:fall_one_cm":3692},"minecraft:used":{"minecraft:wooden_axe":55,"minecraft:dark_oak_planks":134,"minecraft:stone_sword":19,"minecraft:bread":3,"minecraft:stone_pickaxe":2,"minecraft:chest":4,"minecraft:sugar_cane":64,"minecraft:wooden_shovel":11,"minecraft:stone_axe":45,"minecraft:torch":3,"minecraft:sand":3,"minecraft:crafting_table":1,"minecraft:furnace":2,"minecraft:bone_meal":4,"minecraft:dark_oak_door":1,"minecraft:wheat_seeds":6,"minecraft:dark_oak_sapling":1},"minecraft:killed_by":{"solo_leveling:centipie":1},"minecraft:picked_up":{"minecraft:wooden_axe":1,"minecraft:wheat":6,"minecraft:dark_oak_sapling":1,"minecraft:stick":3,"minecraft:feather":1,"minecraft:torch":7,"minecraft:sand":6,"minecraft:gunpowder":2,"minecraft:dark_oak_log":50,"minecraft:dark_oak_planks":58,"minecraft:bone":2,"minecraft:arrow":2,"minecraft:rotten_flesh":3,"minecraft:bow":1,"minecraft:wheat_seeds":21,"minecraft:furnace":1,"minecraft:crafting_table":1,"minecraft:sugar_cane":64,"minecraft:oak_slab":7},"minecraft:dropped":{"minecraft:wooden_axe":1,"minecraft:feather":1,"minecraft:arrow":1,"minecraft:dark_oak_planks":42},"minecraft:mined":{"minecraft:dark_oak_planks":43,"minecraft:furnace":1,"minecraft:wheat":6,"minecraft:dark_oak_log":55,"minecraft:crafting_table":1,"minecraft:torch":1,"minecraft:sand":13,"minecraft:sugar_cane":36,"minecraft:wall_torch":5,"minecraft:oak_slab":6}},"DataVersion":3465}