{"stats":{"minecraft:picked_up":{"minecraft:wooden_axe":1,"minecraft:iron_chestplate":4,"minecraft:seagrass":2,"minecraft:crafting_table":1,"minecraft:wheat":445,"solo_leveling:reaper":4,"minecraft:chicken":10,"minecraft:clay_ball":31,"minecraft:lead":16,"solo_leveling:magic_crystal":60,"minecraft:dark_oak_pressure_plate":2,"minecraft:string":19,"minecraft:moss_carpet":29,"minecraft:iron_axe":2,"minecraft:iron_leggings":5,"minecraft:white_carpet":67,"minecraft:cobbled_deepslate":3,"minecraft:bucket":2,"minecraft:azalea":19,"minecraft:iron_pickaxe":4,"minecraft:light_gray_wool":3,"minecraft:sugar_cane":939,"minecraft:furnace":1,"minecraft:iron_boots":4,"minecraft:egg":26,"minecraft:dark_oak_sapling":10,"minecraft:stick":5,"minecraft:raw_iron":92,"minecraft:oak_fence":2,"minecraft:torch":122,"minecraft:porkchop":14,"minecraft:diorite":5,"minecraft:cauldron":5,"minecraft:dark_oak_planks":85,"minecraft:stone_sword":4,"minecraft:arrow":29,"solo_leveling:dark_bow":3,"minecraft:rotten_flesh":41,"solo_leveling:magic_crystalll":120,"minecraft:glow_berries":7,"minecraft:mutton":13,"minecraft:white_wool":10,"minecraft:cobblestone":129,"minecraft:feather":9,"minecraft:iron_door":4,"minecraft:glow_ink_sac":1,"minecraft:andesite":7,"minecraft:salmon":1,"minecraft:brown_wool":1,"minecraft:leather":7,"minecraft:dark_oak_boat":1,"minecraft:flint":1,"minecraft:oak_log":4,"minecraft:cobblestone_wall":1,"minecraft:gunpowder":28,"minecraft:cobblestone_stairs":3,"minecraft:lapis_lazuli":15,"minecraft:dirt":22,"minecraft:white_banner":1,"minecraft:cooked_mutton":8,"minecraft:red_carpet":74,"minecraft:bone":23,"minecraft:apple":1,"minecraft:gray_carpet":6,"minecraft:bow":11,"minecraft:wheat_seeds":1208,"minecraft:iron_ingot":1,"minecraft:stone_pickaxe":2,"solo_leveling:rune_stone":2,"minecraft:oak_planks":3,"minecraft:moss_block":104,"minecraft:iron_sword":5,"minecraft:flowering_azalea":6,"minecraft:book":42,"minecraft:oak_slab":7,"minecraft:pumpkin":7,"minecraft:sweet_berries":30,"minecraft:oak_pressure_plate":2,"minecraft:gravel":6,"minecraft:sand":16,"minecraft:spruce_sapling":2,"minecraft:white_bed":1,"minecraft:spruce_log":19,"minecraft:dark_oak_log":253,"minecraft:spider_eye":1,"minecraft:polished_andesite":2,"minecraft:diamond":2,"minecraft:slime_ball":14,"minecraft:gray_banner":1,"minecraft:iron_helmet":4,"minecraft:granite":7,"minecraft:gray_wool":3,"minecraft:bread":22,"minecraft:emerald":5,"minecraft:black_wool":2,"minecraft:dark_oak_fence":1,"minecraft:coal":150,"minecraft:ender_pearl":1},"minecraft:used":{"minecraft:azalea":4,"minecraft:moss_block":56,"minecraft:stone_sword":101,"minecraft:chest":7,"minecraft:wooden_shovel":11,"minecraft:iron_sword":204,"minecraft:cooked_chicken":7,"minecraft:rotten_flesh":10,"minecraft:stone_hoe":1,"minecraft:torch":70,"minecraft:iron_chestplate":2,"minecraft:dirt":19,"minecraft:white_carpet":65,"minecraft:axolotl_bucket":1,"minecraft:granite":7,"minecraft:milk_bucket":2,"minecraft:dark_oak_planks":154,"minecraft:wooden_axe":114,"minecraft:lava_bucket":2,"minecraft:iron_axe":249,"minecraft:iron_helmet":2,"minecraft:iron_boots":2,"minecraft:red_carpet":46,"minecraft:sweet_berries":1,"minecraft:bow":51,"minecraft:dark_oak_boat":1,"minecraft:hay_block":2,"minecraft:furnace":2,"minecraft:egg":26,"minecraft:gray_banner":1,"minecraft:seagrass":2,"minecraft:pumpkin":7,"minecraft:iron_leggings":2,"minecraft:dark_oak_sapling":1,"minecraft:wheat_seeds":478,"minecraft:cooked_mutton":10,"minecraft:water_bucket":14,"minecraft:cobblestone_stairs":14,"minecraft:stone_pickaxe":172,"minecraft:baked_potato":1,"minecraft:cauldron":3,"minecraft:sugar_cane":84,"minecraft:cobblestone_slab":7,"minecraft:stonecutter":1,"minecraft:white_wool":1,"minecraft:glow_berries":7,"minecraft:sand":13,"minecraft:crafting_table":3,"minecraft:blast_furnace":1,"minecraft:white_bed":3,"minecraft:dark_oak_fence_gate":3,"minecraft:dark_oak_door":1,"solo_leveling:reaper":696,"minecraft:chicken":1,"minecraft:iron_pickaxe":370,"minecraft:bread":70,"minecraft:gravel":1,"minecraft:spruce_sapling":1,"minecraft:stone_axe":69,"minecraft:porkchop":2,"minecraft:cobblestone":165,"minecraft:dark_oak_fence":58,"minecraft:white_banner":1,"minecraft:andesite":6,"minecraft:bucket":21,"minecraft:bone_meal":7},"minecraft:killed_by":{"solo_leveling:giga_goblin":3,"solo_leveling:centipie":2,"solo_leveling:goblin_2":1},"minecraft:mined":{"minecraft:diamond_ore":1,"minecraft:red_carpet":71,"minecraft:white_bed":1,"minecraft:deepslate_diamond_ore":1,"minecraft:dark_oak_leaves":9,"minecraft:cobblestone_stairs":3,"minecraft:dark_oak_log":254,"minecraft:cave_vines_plant":1,"minecraft:dark_oak_fence":1,"minecraft:dark_oak_pressure_plate":2,"minecraft:carved_pumpkin":1,"minecraft:granite":7,"minecraft:grass_block":4,"minecraft:spruce_leaves":29,"minecraft:moss_block":80,"minecraft:large_fern":1,"minecraft:furnace":1,"minecraft:iron_ore":93,"minecraft:fire":160,"minecraft:gray_wall_banner":1,"minecraft:andesite":7,"minecraft:moss_carpet":2,"minecraft:pumpkin":7,"minecraft:vine":1,"minecraft:bookshelf":14,"minecraft:cave_vines":1,"minecraft:cobblestone_slab":2,"solo_leveling:magic_crystal":53,"minecraft:azalea":6,"minecraft:stone":112,"minecraft:podzol":1,"minecraft:oak_slab":6,"minecraft:glass_pane":4,"minecraft:oak_fence":2,"minecraft:clay":6,"minecraft:crafting_table":1,"minecraft:torch":20,"minecraft:chest":1,"minecraft:tall_grass":4,"minecraft:cobblestone":19,"minecraft:deepslate_coal_ore":3,"minecraft:lapis_ore":2,"minecraft:oak_planks":3,"minecraft:sugar_cane":489,"minecraft:iron_door":4,"minecraft:diorite":5,"minecraft:wall_torch":21,"minecraft:cauldron":5,"minecraft:cobblestone_wall":1,"minecraft:wheat":451,"minecraft:sweet_berry_bush":10,"minecraft:white_carpet":67,"minecraft:spruce_log":19,"minecraft:grass":16,"minecraft:coal_ore":152,"minecraft:oak_log":5,"minecraft:dark_oak_sapling":1,"minecraft:gravel":3,"minecraft:sand":26,"minecraft:dirt":1,"minecraft:gray_carpet":6,"minecraft:cobweb":6,"minecraft:polished_andesite":2,"minecraft:deepslate":3,"minecraft:oak_leaves":1,"minecraft:fern":2,"minecraft:dark_oak_planks":61},"minecraft:broken":{"minecraft:stone_pickaxe":2,"minecraft:iron_axe":1,"minecraft:stone_axe":1,"minecraft:iron_pickaxe":1,"minecraft:wooden_axe":2},"minecraft:custom":{"minecraft:mob_kills":279,"minecraft:animals_bred":10,"minecraft:interact_with_crafting_table":87,"minecraft:fill_cauldron":2,"minecraft:bell_ring":4,"minecraft:leave_game":31,"minecraft:time_since_death":32066,"minecraft:climb_one_cm":5282,"minecraft:sprint_one_cm":1049602,"minecraft:walk_one_cm":3111111,"minecraft:drop":61,"minecraft:talked_to_villager":4,"minecraft:play_time":626719,"minecraft:sneak_time":14034,"minecraft:deaths":8,"minecraft:walk_under_water_one_cm":20737,"minecraft:boat_one_cm":37305,"minecraft:jump":4385,"minecraft:interact_with_blast_furnace":13,"minecraft:walk_on_water_one_cm":65130,"minecraft:total_world_time":626719,"minecraft:interact_with_furnace":112,"minecraft:interact_with_stonecutter":3,"minecraft:sleep_in_bed":19,"minecraft:time_since_rest":15687,"minecraft:damage_dealt":37573,"minecraft:swim_one_cm":18806,"minecraft:fly_one_cm":465571,"minecraft:open_chest":391,"minecraft:crouch_one_cm":40268,"minecraft:use_cauldron":1,"minecraft:fall_one_cm":73501},"minecraft:dropped":{"minecraft:bread":3,"minecraft:iron_sword":1,"minecraft:wheat_seeds":13,"solo_leveling:dark_bow":4,"minecraft:feather":2,"minecraft:red_carpet":6,"minecraft:stick":3,"minecraft:torch":3,"minecraft:mutton":2,"minecraft:wooden_axe":1,"solo_leveling:reaper":2,"minecraft:iron_pickaxe":1,"minecraft:string":3,"minecraft:dark_oak_planks":42,"minecraft:dark_oak_boat":1,"solo_leveling:rune_stone":1,"minecraft:stone_sword":2,"minecraft:white_carpet":1,"minecraft:rotten_flesh":5,"minecraft:arrow":77,"minecraft:bow":7},"minecraft:killed":{"minecraft:allay":6,"minecraft:spider":15,"minecraft:vindicator":9,"minecraft:slime":18,"minecraft:phantom":1,"minecraft:skeleton":26,"minecraft:chicken":11,"solo_leveling:spider_boss":2,"solo_leveling:boss_golem":3,"minecraft:turtle":2,"solo_leveling:giga_goblin":2,"minecraft:pig":7,"minecraft:zombie_villager":1,"minecraft:salmon":1,"solo_leveling:goblin_2":38,"minecraft:wandering_trader":3,"minecraft:creeper":23,"minecraft:sheep":9,"minecraft:trader_llama":5,"minecraft:pillager":2,"minecraft:zombie":38,"solo_leveling:serpent":2,"solo_leveling:goblin":48,"minecraft:enderman":1},"minecraft:crafted":{"minecraft:brick":279,"minecraft:smooth_stone":18,"minecraft:oak_planks":16,"minecraft:dark_oak_boat":1,"minecraft:cooked_chicken":7,"minecraft:furnace":2,"minecraft:blast_furnace":1,"minecraft:stone":44,"minecraft:bone_meal":15,"minecraft:cooked_mutton":10,"minecraft:dark_oak_door":3,"minecraft:dark_oak_fence":57,"minecraft:iron_boots":1,"minecraft:iron_axe":1,"minecraft:stone_pickaxe":2,"minecraft:chest":7,"minecraft:bricks":63,"minecraft:dark_oak_planks":324,"minecraft:coal_block":5,"minecraft:wooden_shovel":1,"minecraft:cooked_porkchop":12,"minecraft:crafting_table":3,"minecraft:baked_potato":2,"minecraft:iron_helmet":1,"minecraft:iron_sword":1,"minecraft:copper_ingot":21,"minecraft:bucket":2,"minecraft:hay_block":2,"minecraft:stone_axe":1,"minecraft:bread":128,"minecraft:air":0,"minecraft:white_wool":1,"minecraft:iron_chestplate":1,"minecraft:paper":363,"minecraft:stick":20,"minecraft:iron_ingot":89,"minecraft:iron_pickaxe":2,"minecraft:wooden_axe":3,"minecraft:stone_sword":1,"minecraft:iron_leggings":1,"minecraft:stonecutter":1,"minecraft:white_bed":2,"minecraft:dark_oak_fence_gate":3,"minecraft:torch":84,"minecraft:shears":1}},"DataVersion":3465}