{"stats":{"minecraft:broken":{"minecraft:wooden_axe":1,"minecraft:stone_pickaxe":1},"minecraft:crafted":{"minecraft:brick":87,"minecraft:coal_block":5,"minecraft:wooden_shovel":1,"minecraft:iron_helmet":1,"minecraft:furnace":1,"minecraft:bone_meal":3,"minecraft:air":0,"minecraft:bread":5,"minecraft:dark_oak_door":3,"minecraft:iron_boots":1,"minecraft:iron_chestplate":1,"minecraft:stick":4,"minecraft:iron_ingot":27,"minecraft:wooden_axe":2,"minecraft:chest":4,"minecraft:iron_leggings":1,"minecraft:bricks":15,"minecraft:dark_oak_planks":188},"minecraft:killed":{"minecraft:creeper":1,"minecraft:skeleton":3,"minecraft:zombie":6},"minecraft:custom":{"minecraft:interact_with_furnace":32,"minecraft:mob_kills":10,"minecraft:interact_with_crafting_table":22,"minecraft:leave_game":4,"minecraft:time_since_death":88654,"minecraft:climb_one_cm":450,"minecraft:time_since_rest":88874,"minecraft:sprint_one_cm":89237,"minecraft:walk_one_cm":334551,"minecraft:drop":5,"minecraft:damage_dealt":2139,"minecraft:fly_one_cm":38839,"minecraft:open_chest":49,"minecraft:crouch_one_cm":8127,"minecraft:play_time":95975,"minecraft:deaths":1,"minecraft:sneak_time":3336,"minecraft:jump":494,"minecraft:walk_on_water_one_cm":5279,"minecraft:total_world_time":95975,"minecraft:fall_one_cm":6011},"minecraft:used":{"minecraft:azalea":4,"minecraft:moss_block":16,"minecraft:wheat_seeds":43,"minecraft:stone_sword":24,"minecraft:stone_pickaxe":117,"minecraft:chest":4,"minecraft:wooden_shovel":11,"minecraft:sugar_cane":64,"minecraft:rotten_flesh":2,"minecraft:iron_chestplate":1,"minecraft:torch":17,"minecraft:glow_berries":5,"minecraft:sand":3,"minecraft:crafting_table":1,"minecraft:dark_oak_door":1,"minecraft:dark_oak_planks":134,"minecraft:wooden_axe":55,"minecraft:bread":5,"minecraft:iron_boots":1,"minecraft:gravel":1,"minecraft:stone_axe":49,"minecraft:cobblestone":25,"minecraft:furnace":2,"minecraft:andesite":2,"minecraft:iron_leggings":1,"minecraft:bone_meal":7,"minecraft:dark_oak_sapling":1},"minecraft:killed_by":{"solo_leveling:centipie":1},"minecraft:picked_up":{"minecraft:crafting_table":1,"minecraft:wheat":16,"minecraft:feather":1,"minecraft:clay_ball":7,"minecraft:glow_ink_sac":1,"minecraft:andesite":2,"minecraft:gunpowder":2,"minecraft:dirt":1,"minecraft:moss_carpet":15,"minecraft:bone":3,"minecraft:bow":1,"minecraft:wheat_seeds":53,"minecraft:azalea":9,"minecraft:moss_block":39,"minecraft:sugar_cane":64,"minecraft:flowering_azalea":3,"minecraft:furnace":1,"minecraft:raw_iron":40,"minecraft:dark_oak_sapling":1,"minecraft:oak_slab":7,"minecraft:stick":3,"minecraft:torch":9,"minecraft:gravel":5,"minecraft:sand":6,"minecraft:diorite":5,"minecraft:dark_oak_log":50,"minecraft:dark_oak_planks":58,"minecraft:arrow":5,"minecraft:rotten_flesh":5,"minecraft:glow_berries":5,"minecraft:coal":50,"minecraft:cobblestone":9,"minecraft:wooden_axe":1},"minecraft:dropped":{"minecraft:feather":1,"minecraft:wooden_axe":1,"minecraft:arrow":1,"minecraft:dark_oak_planks":42},"minecraft:mined":{"minecraft:dark_oak_planks":43,"minecraft:oak_slab":6,"minecraft:dark_oak_log":55,"minecraft:crafting_table":1,"minecraft:cave_vines_plant":1,"minecraft:torch":1,"minecraft:moss_block":12,"minecraft:sugar_cane":36,"minecraft:diorite":5,"minecraft:wall_torch":7,"minecraft:furnace":1,"minecraft:iron_ore":40,"minecraft:wheat":17,"minecraft:moss_carpet":1,"minecraft:grass":1,"minecraft:coal_ore":50,"minecraft:gravel":1,"minecraft:sand":13,"minecraft:dirt":1,"minecraft:stone":5}},"DataVersion":3465}