{"stats":{"minecraft:mined":{"minecraft:dark_oak_log":2},"minecraft:dropped":{"minecraft:feather":1},"minecraft:picked_up":{"minecraft:feather":1,"minecraft:dark_oak_log":3},"minecraft:custom":{"minecraft:jump":104,"minecraft:time_since_rest":6744,"minecraft:leave_game":1,"minecraft:crouch_one_cm":2,"minecraft:sprint_one_cm":13267,"minecraft:play_time":6744,"minecraft:time_since_death":6744,"minecraft:walk_one_cm":29871,"minecraft:sneak_time":16,"minecraft:total_world_time":6744,"minecraft:drop":1,"minecraft:fall_one_cm":3154,"minecraft:fly_one_cm":20515}},"DataVersion":3465}