{"stats":{"minecraft:broken":{"minecraft:iron_shovel":1,"minecraft:stone_pickaxe":2,"minecraft:stone_axe":2,"minecraft:wooden_axe":2,"minecraft:iron_axe":1,"minecraft:iron_pickaxe":6},"minecraft:crafted":{"minecraft:brick":386,"minecraft:smooth_stone":18,"minecraft:oak_planks":16,"minecraft:dark_oak_boat":2,"minecraft:cooked_chicken":8,"minecraft:stone":44,"sophisticatedbackpacks:crafting_upgrade":1,"minecraft:bookshelf":15,"minecraft:cooked_mutton":10,"minecraft:dark_oak_door":3,"minecraft:iron_boots":1,"sophisticatedbackpacks:copper_backpack":1,"minecraft:chest":21,"minecraft:copper_block":8,"minecraft:bricks":90,"minecraft:wooden_shovel":1,"sophisticatedbackpacks:backpack":1,"minecraft:cooked_porkchop":34,"minecraft:crafting_table":4,"minecraft:spruce_planks":4,"minecraft:iron_helmet":1,"minecraft:baked_potato":2,"minecraft:copper_ingot":162,"minecraft:hay_block":2,"sophisticatedbackpacks:upgrade_base":2,"minecraft:dark_oak_slab":36,"minecraft:iron_chestplate":1,"minecraft:book":24,"minecraft:paper":363,"minecraft:diamond_pickaxe":1,"minecraft:chiseled_deepslate":4,"minecraft:stick":56,"minecraft:iron_ingot":381,"minecraft:iron_pickaxe":4,"minecraft:iron_block":10,"minecraft:stone_sword":1,"minecraft:gold_ingot":43,"minecraft:dark_oak_fence_gate":3,"minecraft:shears":1,"minecraft:iron_nugget":9,"minecraft:brick_stairs":28,"sophisticatedbackpacks:stack_upgrade_tier_1":1,"minecraft:furnace":3,"minecraft:blast_furnace":1,"sophisticatedbackpacks:stack_upgrade_starter_tier":1,"minecraft:bone_meal":15,"minecraft:pink_dye":4,"minecraft:glass_pane":64,"minecraft:flint_and_steel":1,"minecraft:dark_oak_fence":57,"minecraft:iron_axe":3,"minecraft:stone_pickaxe":2,"minecraft:dark_oak_planks":620,"sophisticatedbackpacks:iron_backpack":1,"minecraft:wheat":270,"minecraft:cooked_beef":47,"minecraft:coal_block":5,"minecraft:dark_oak_stairs":40,"minecraft:iron_sword":1,"sophisticatedbackpacks:gold_backpack":3,"minecraft:bucket":2,"minecraft:stone_axe":1,"minecraft:air":0,"minecraft:bread":222,"minecraft:soul_lantern":2,"minecraft:white_wool":1,"minecraft:wooden_axe":3,"minecraft:iron_shovel":1,"minecraft:iron_leggings":1,"minecraft:stonecutter":1,"minecraft:anvil":1,"minecraft:white_bed":2,"minecraft:torch":212},"minecraft:killed":{"minecraft:cave_spider":2,"minecraft:spider":27,"minecraft:skeleton":58,"solo_leveling:hobgoblin_assassin":2,"minecraft:chicken":13,"solo_leveling:spider_boss":3,"solo_leveling:boss_golem":3,"solo_leveling:hobgoblin_bomber":1,"minecraft:turtle":2,"solo_leveling:golem":11,"solo_leveling:centipie":3,"minecraft:magma_cube":3,"minecraft:piglin":3,"solo_leveling:giga_goblin":4,"minecraft:pig":10,"solo_leveling:ice_bear":3,"solo_leveling:steel_fang":6,"minecraft:zombie_villager":1,"minecraft:salmon":1,"solo_leveling:goblin_2":58,"minecraft:creeper":37,"minecraft:sheep":9,"minecraft:trader_llama":6,"minecraft:pillager":2,"minecraft:zombie":80,"minecraft:ghast":1,"solo_leveling:goblin":63,"minecraft:blaze":10,"minecraft:cow":30,"solo_leveling:hobgoblin_club":2,"minecraft:allay":6,"minecraft:vindicator":9,"minecraft:slime":18,"minecraft:phantom":2,"minecraft:drowned":2,"minecraft:bat":4,"minecraft:wandering_trader":3,"minecraft:hoglin":2,"solo_leveling:serpent":2,"minecraft:wither_skeleton":1,"solo_leveling:ice_elf":1,"minecraft:enderman":2},"minecraft:custom":{"minecraft:animals_bred":14,"minecraft:interact_with_crafting_table":178,"minecraft:bell_ring":13,"minecraft:leave_game":40,"minecraft:time_since_death":266547,"minecraft:sprint_one_cm":2177025,"minecraft:drop":138,"minecraft:talked_to_villager":8,"minecraft:play_time":1384467,"minecraft:deaths":16,"minecraft:jump":9961,"minecraft:interact_with_brewingstand":1,"minecraft:walk_on_water_one_cm":166567,"minecraft:interact_with_furnace":163,"minecraft:sleep_in_bed":32,"minecraft:damage_dealt":76436,"minecraft:crouch_one_cm":76358,"minecraft:use_cauldron":1,"minecraft:interact_with_anvil":7,"minecraft:mob_kills":570,"minecraft:fill_cauldron":3,"minecraft:climb_one_cm":15840,"minecraft:walk_one_cm":7027474,"minecraft:sneak_time":24884,"minecraft:walk_under_water_one_cm":89517,"minecraft:boat_one_cm":270185,"minecraft:interact_with_blast_furnace":68,"minecraft:total_world_time":1384467,"minecraft:interact_with_stonecutter":7,"minecraft:time_since_rest":20751,"minecraft:swim_one_cm":60845,"minecraft:fly_one_cm":1287301,"minecraft:open_chest":935,"minecraft:fall_one_cm":216593},"minecraft:used":{"minecraft:moss_block":56,"minecraft:iron_shovel":251,"minecraft:chiseled_deepslate":60,"sophisticatedbackpacks:copper_backpack":1,"minecraft:chest":20,"minecraft:iron_sword":204,"minecraft:rotten_flesh":10,"minecraft:iron_chestplate":2,"solo_leveling:dragon_armor_leggings":1,"minecraft:carrot":121,"minecraft:axolotl_bucket":1,"minecraft:obsidian":17,"minecraft:snowball":6,"minecraft:milk_bucket":2,"minecraft:lava_bucket":2,"minecraft:bricks":108,"minecraft:lantern":6,"minecraft:iron_helmet":2,"minecraft:dark_oak_leaves":36,"minecraft:dark_oak_slab":26,"minecraft:red_carpet":46,"minecraft:sweet_berries":1,"minecraft:dark_oak_boat":5,"minecraft:bow":51,"minecraft:hay_block":2,"minecraft:furnace":4,"minecraft:egg":32,"minecraft:gray_banner":1,"minecraft:seagrass":2,"minecraft:dark_oak_sapling":1,"minecraft:dark_oak_stairs":32,"minecraft:stone_pickaxe":236,"minecraft:ender_pearl":2,"minecraft:sugar_cane":84,"minecraft:white_wool":1,"minecraft:golden_apple":1,"minecraft:glow_berries":7,"minecraft:sand":13,"minecraft:blast_furnace":1,"minecraft:shears":37,"minecraft:crying_obsidian":4,"minecraft:bread":158,"minecraft:gravel":1,"minecraft:golden_helmet":1,"minecraft:soul_lantern":2,"minecraft:dark_oak_fence":58,"minecraft:andesite":6,"minecraft:chain":3,"minecraft:bone_meal":7,"minecraft:azalea":4,"minecraft:stone_sword":101,"minecraft:flint_and_steel":1,"minecraft:stone_hoe":54,"minecraft:wooden_shovel":11,"minecraft:cooked_chicken":8,"minecraft:netherrack":168,"solo_leveling:dragon_armor_chestplate":1,"minecraft:torch":260,"minecraft:anvil":2,"minecraft:dirt":32,"minecraft:white_carpet":67,"minecraft:granite":7,"minecraft:dark_oak_planks":460,"minecraft:wooden_axe":114,"minecraft:bookshelf":4,"minecraft:iron_axe":308,"minecraft:brick_stairs":34,"minecraft:iron_boots":2,"minecraft:melon_seeds":2,"minecraft:cooked_beef":7,"minecraft:cobbled_deepslate":60,"minecraft:pumpkin":7,"solo_leveling:silver_spear":379,"minecraft:iron_leggings":2,"minecraft:wheat_seeds":486,"minecraft:cooked_mutton":10,"minecraft:water_bucket":86,"minecraft:cobblestone_stairs":14,"minecraft:baked_potato":2,"minecraft:cauldron":3,"minecraft:stonecutter":1,"minecraft:cobblestone_slab":7,"minecraft:crafting_table":5,"minecraft:dark_oak_fence_gate":3,"minecraft:white_bed":3,"minecraft:dark_oak_door":1,"minecraft:diamond_pickaxe":855,"solo_leveling:reaper":1158,"minecraft:chicken":1,"minecraft:iron_pickaxe":1399,"minecraft:spruce_sapling":1,"minecraft:golden_leggings":1,"minecraft:stone_axe":175,"minecraft:cobblestone":258,"minecraft:purple_bed":1,"minecraft:porkchop":2,"minecraft:white_banner":1,"minecraft:cooked_porkchop":4,"minecraft:bucket":100,"minecraft:glass_pane":55,"minecraft:soul_torch":5,"minecraft:smooth_stone":4},"minecraft:killed_by":{"solo_leveling:goblin_2":1,"minecraft:zombie":1,"solo_leveling:igris":1,"minecraft:player":1,"solo_leveling:hobgoblin_assassin":3,"solo_leveling:giga_goblin":3,"solo_leveling:centipie":2},"minecraft:picked_up":{"minecraft:chiseled_deepslate":4,"minecraft:seagrass":2,"minecraft:iron_chestplate":4,"minecraft:wheat":464,"minecraft:nether_brick_fence":6,"minecraft:anvil":1,"minecraft:lead":17,"solo_leveling:magic_staff":2,"minecraft:enchanted_book":2,"minecraft:gilded_blackstone":1,"minecraft:stone_brick_stairs":1,"minecraft:golden_sword":1,"minecraft:dark_oak_pressure_plate":2,"solo_leveling:magic_crystal":182,"minecraft:string":86,"minecraft:raw_copper":103,"solo_leveling:health_necklace":2,"minecraft:iron_leggings":10,"solo_leveling:silver_spear":5,"minecraft:smooth_stone":4,"minecraft:gold_nugget":68,"minecraft:cobbled_deepslate":315,"minecraft:bucket":3,"minecraft:dark_oak_leaves":36,"minecraft:azalea":23,"minecraft:iron_pickaxe":10,"minecraft:iron_boots":8,"minecraft:furnace":2,"minecraft:golden_helmet":2,"minecraft:stick":10,"solo_leveling:energy_meter":1,"minecraft:big_dripleaf":3,"minecraft:oak_fence":3,"minecraft:torch":226,"minecraft:porkchop":36,"minecraft:golden_axe":1,"minecraft:diorite":5,"minecraft:cauldron":5,"minecraft:stone_sword":4,"solo_leveling:dark_bow":5,"minecraft:rotten_flesh":98,"minecraft:tropical_fish":2,"solo_leveling:magic_crystalll":310,"minecraft:blaze_rod":6,"minecraft:obsidian":45,"minecraft:snowball":6,"minecraft:cobblestone":447,"minecraft:feather":10,"minecraft:dark_oak_boat":4,"minecraft:iron_door":4,"minecraft:water_bucket":4,"minecraft:andesite":12,"minecraft:brown_wool":1,"minecraft:golden_leggings":2,"minecraft:potato":1,"minecraft:flint":2,"minecraft:tuff":21,"minecraft:lapis_lazuli":276,"minecraft:dirt":606,"minecraft:lantern":6,"minecraft:bone":53,"minecraft:bow":13,"minecraft:wheat_seeds":1274,"minecraft:raw_gold":33,"solo_leveling:dragon_armor_boots":5,"solo_leveling:rune_stone":3,"minecraft:moss_block":142,"minecraft:oak_planks":12,"minecraft:ghast_tear":1,"minecraft:oak_pressure_plate":2,"minecraft:sand":16,"minecraft:nether_brick_stairs":1,"minecraft:dark_oak_log":263,"minecraft:mossy_cobblestone":8,"minecraft:polished_andesite":2,"minecraft:diamond":11,"minecraft:cracked_polished_blackstone_bricks":51,"minecraft:granite":9,"minecraft:golden_apple":1,"minecraft:emerald":5,"minecraft:bread":145,"minecraft:netherrack":273,"minecraft:dark_oak_fence":1,"minecraft:bricks":119,"minecraft:crimson_roots":1,"minecraft:diamond_pickaxe":3,"sophisticatedbackpacks:gold_backpack":3,"minecraft:coarse_dirt":122,"minecraft:crafting_table":4,"solo_leveling:reaper":9,"minecraft:chicken":12,"minecraft:nether_wart":10,"minecraft:clay_ball":91,"minecraft:chest_minecart":1,"minecraft:gold_block":7,"solo_leveling:dragon_armor_chestplate":4,"minecraft:chain":5,"minecraft:moss_carpet":43,"minecraft:iron_axe":2,"minecraft:white_carpet":69,"minecraft:iron_shovel":3,"minecraft:blackstone":30,"minecraft:beef":55,"minecraft:light_gray_wool":3,"minecraft:sugar_cane":939,"minecraft:chest":3,"minecraft:egg":32,"minecraft:dark_oak_sapling":11,"minecraft:raw_iron":365,"minecraft:copper_ingot":32,"minecraft:polished_blackstone_bricks":63,"minecraft:carrot":201,"minecraft:redstone":258,"minecraft:dark_oak_planks":147,"minecraft:arrow":117,"minecraft:diamond_chestplate":4,"minecraft:peony":2,"minecraft:nether_bricks":10,"minecraft:hay_block":30,"sophisticatedbackpacks:copper_backpack":1,"minecraft:brick_stairs":2,"minecraft:glow_berries":13,"minecraft:mutton":13,"minecraft:bone_block":9,"minecraft:rail":1,"minecraft:white_wool":10,"minecraft:air":0,"minecraft:basalt":15,"minecraft:glow_ink_sac":1,"minecraft:salmon":1,"minecraft:leather":42,"minecraft:blackstone_slab":1,"minecraft:oak_log":4,"minecraft:cobblestone_wall":2,"minecraft:nether_wart_block":1,"minecraft:gunpowder":42,"minecraft:cobblestone_stairs":3,"minecraft:white_banner":1,"minecraft:cooked_mutton":8,"minecraft:red_carpet":74,"minecraft:apple":1,"minecraft:gray_carpet":6,"minecraft:iron_ingot":1,"minecraft:stone_pickaxe":2,"minecraft:iron_sword":6,"minecraft:flowering_azalea":7,"minecraft:soul_sand":10,"minecraft:dark_oak_stairs":7,"minecraft:book":42,"minecraft:oak_slab":7,"minecraft:pumpkin":7,"minecraft:sweet_berries":30,"minecraft:quartz":77,"minecraft:gravel":7,"minecraft:soul_torch":53,"minecraft:spruce_sapling":3,"minecraft:white_bed":1,"minecraft:spruce_log":33,"minecraft:crying_obsidian":4,"minecraft:spider_eye":4,"solo_leveling:dragon_armor_leggings":3,"minecraft:purple_bed":1,"minecraft:slime_ball":14,"minecraft:stone_axe":4,"minecraft:gray_banner":1,"solo_leveling:dragon_armor_helmet":2,"minecraft:iron_helmet":9,"minecraft:gray_wool":3,"minecraft:warped_roots":1,"solo_leveling:knight_killer":2,"minecraft:baked_potato":53,"minecraft:melon_seeds":5,"minecraft:black_wool":2,"minecraft:coal":242,"minecraft:wooden_axe":1,"minecraft:ender_pearl":5},"minecraft:dropped":{"minecraft:nether_brick_stairs":1,"minecraft:iron_sword":1,"minecraft:moss_block":16,"minecraft:baked_potato":30,"solo_leveling:dark_bow":4,"minecraft:diamond":3,"minecraft:warped_roots":1,"minecraft:rail":1,"minecraft:red_carpet":6,"sophisticatedbackpacks:gold_backpack":1,"solo_leveling:dragon_armor_boots":2,"minecraft:mutton":2,"solo_leveling:reaper":2,"minecraft:iron_pickaxe":2,"minecraft:dark_oak_planks":42,"minecraft:dark_oak_boat":1,"minecraft:stone_axe":1,"solo_leveling:energy_meter":1,"minecraft:obsidian":4,"minecraft:rotten_flesh":10,"minecraft:oak_planks":2,"solo_leveling:magic_crystal":1,"minecraft:gunpowder":7,"solo_leveling:dragon_armor_chestplate":1,"minecraft:melon_seeds":2,"minecraft:azalea":1,"minecraft:chest":1,"minecraft:blackstone_slab":1,"minecraft:arrow":80,"minecraft:stone_brick_stairs":1,"minecraft:bread":4,"minecraft:wheat_seeds":15,"minecraft:golden_helmet":1,"minecraft:oak_fence":2,"minecraft:feather":3,"minecraft:cobblestone":5,"minecraft:book":1,"minecraft:stick":3,"solo_leveling:magic_staff":1,"minecraft:torch":10,"minecraft:wooden_axe":1,"minecraft:nether_wart_block":1,"minecraft:string":8,"minecraft:music_disc_cat":1,"solo_leveling:rune_stone":2,"solo_leveling:knight_killer":1,"minecraft:moss_carpet":2,"minecraft:stone_sword":2,"minecraft:white_carpet":1,"minecraft:clay_ball":8,"minecraft:nether_bricks":1,"minecraft:big_dripleaf":3,"minecraft:potato":7,"minecraft:diamond_pickaxe":1,"minecraft:spider_eye":1,"minecraft:bow":7,"solo_leveling:health_necklace":1},"minecraft:mined":{"minecraft:white_bed":1,"minecraft:farmland":1,"minecraft:cobblestone_stairs":3,"minecraft:obsidian":21,"minecraft:carved_pumpkin":1,"minecraft:cave_vines_plant":4,"minecraft:granite":17,"minecraft:grass_block":5,"minecraft:cracked_polished_blackstone_bricks":56,"minecraft:nether_wart":10,"minecraft:spawner":7,"minecraft:gilded_blackstone":1,"minecraft:smooth_stone":4,"minecraft:polished_blackstone_bricks":82,"minecraft:iron_ore":211,"minecraft:fire":178,"minecraft:moss_carpet":3,"minecraft:pumpkin":7,"minecraft:anvil":1,"minecraft:deepslate_lapis_ore":30,"minecraft:nether_brick_stairs":1,"minecraft:dark_oak_stairs":7,"minecraft:cave_vines":2,"solo_leveling:magic_crystal":155,"minecraft:azalea":9,"sophisticatedbackpacks:copper_backpack":1,"minecraft:deepslate_redstone_ore":49,"minecraft:soul_wall_torch":1,"minecraft:blackstone":9,"minecraft:crimson_nylium":6,"minecraft:clay":10,"minecraft:torch":29,"minecraft:chest":3,"minecraft:nether_quartz_ore":73,"minecraft:cobblestone":29,"minecraft:oak_planks":12,"minecraft:sugar_cane":489,"minecraft:bricks":41,"minecraft:iron_door":4,"minecraft:wall_torch":31,"minecraft:cauldron":5,"minecraft:chain":6,"minecraft:nether_wart_block":1,"minecraft:wheat":489,"minecraft:stone_brick_stairs":1,"minecraft:grass":39,"minecraft:oak_log":5,"minecraft:beetroots":1,"minecraft:dark_oak_sapling":1,"minecraft:sand":26,"minecraft:dirt":288,"minecraft:netherrack":231,"minecraft:deepslate":154,"minecraft:oak_leaves":1,"minecraft:nether_gold_ore":19,"minecraft:diamond_ore":1,"minecraft:tuff":23,"minecraft:red_carpet":71,"minecraft:mossy_cobblestone":8,"minecraft:dark_oak_leaves":48,"minecraft:deepslate_diamond_ore":9,"minecraft:dark_oak_log":264,"minecraft:nether_bricks":2,"minecraft:dark_oak_fence":1,"minecraft:dark_oak_pressure_plate":2,"minecraft:brick_stairs":2,"minecraft:crimson_roots":2,"minecraft:spruce_leaves":62,"minecraft:moss_block":133,"minecraft:large_fern":2,"minecraft:hay_block":30,"minecraft:redstone_ore":8,"minecraft:furnace":2,"minecraft:carrots":66,"minecraft:snow":6,"minecraft:andesite":12,"minecraft:gray_wall_banner":1,"minecraft:chiseled_deepslate":4,"minecraft:peony":2,"minecraft:gold_block":12,"minecraft:nether_brick_fence":6,"minecraft:bookshelf":14,"minecraft:potatoes":4,"minecraft:cobblestone_slab":2,"minecraft:deepslate_iron_ore":161,"minecraft:vine":4,"minecraft:lantern":1,"minecraft:stone":416,"minecraft:bone_block":10,"minecraft:podzol":18,"minecraft:oak_slab":6,"minecraft:glass_pane":7,"minecraft:soul_sand":10,"minecraft:basalt":15,"minecraft:oak_fence":4,"minecraft:crafting_table":1,"minecraft:blackstone_slab":1,"minecraft:copper_ore":30,"minecraft:tall_grass":15,"minecraft:deepslate_coal_ore":4,"minecraft:lapis_ore":16,"minecraft:deepslate_gold_ore":30,"minecraft:polished_blackstone_brick_stairs":2,"minecraft:diorite":5,"minecraft:big_dripleaf":1,"minecraft:birch_planks":1,"minecraft:coarse_dirt":65,"minecraft:cobblestone_wall":1,"minecraft:sweet_berry_bush":10,"minecraft:white_carpet":69,"minecraft:spruce_log":33,"minecraft:coal_ore":221,"minecraft:gravel":5,"minecraft:gray_carpet":6,"minecraft:cobweb":53,"minecraft:polished_andesite":2,"minecraft:gold_ore":3,"minecraft:fern":6,"minecraft:dark_oak_planks":121}},"DataVersion":3465}