{"stats":{"minecraft:broken":{"minecraft:stone_pickaxe":1,"minecraft:stone_axe":1,"minecraft:wooden_axe":1},"minecraft:crafted":{"minecraft:brick":87,"minecraft:smooth_stone":18,"minecraft:dark_oak_boat":1,"minecraft:cooked_chicken":5,"minecraft:furnace":2,"minecraft:blast_furnace":1,"minecraft:stone":44,"minecraft:bone_meal":12,"minecraft:cooked_mutton":7,"minecraft:dark_oak_door":3,"minecraft:dark_oak_fence":57,"minecraft:iron_boots":1,"minecraft:chest":6,"minecraft:bricks":15,"minecraft:dark_oak_planks":296,"minecraft:coal_block":5,"minecraft:wooden_shovel":1,"minecraft:cooked_porkchop":7,"minecraft:iron_helmet":1,"minecraft:iron_sword":1,"minecraft:bucket":1,"minecraft:hay_block":2,"minecraft:bread":35,"minecraft:air":0,"minecraft:white_wool":1,"minecraft:iron_chestplate":1,"minecraft:paper":171,"minecraft:stick":4,"minecraft:iron_ingot":40,"minecraft:wooden_axe":2,"minecraft:iron_leggings":1,"minecraft:stonecutter":1,"minecraft:white_bed":2,"minecraft:dark_oak_fence_gate":3,"minecraft:torch":8},"minecraft:killed":{"minecraft:spider":6,"minecraft:phantom":1,"minecraft:skeleton":8,"minecraft:chicken":5,"minecraft:turtle":2,"solo_leveling:giga_goblin":1,"minecraft:pig":4,"minecraft:zombie_villager":1,"minecraft:salmon":1,"solo_leveling:goblin_2":7,"minecraft:creeper":4,"minecraft:sheep":5,"minecraft:pillager":2,"minecraft:zombie":20,"solo_leveling:goblin":10},"minecraft:custom":{"minecraft:mob_kills":77,"minecraft:animals_bred":2,"minecraft:interact_with_crafting_table":57,"minecraft:leave_game":4,"minecraft:time_since_death":4142,"minecraft:climb_one_cm":450,"minecraft:sprint_one_cm":418656,"minecraft:walk_one_cm":1044319,"minecraft:drop":17,"minecraft:play_time":209975,"minecraft:deaths":4,"minecraft:sneak_time":5083,"minecraft:walk_under_water_one_cm":5983,"minecraft:jump":1268,"minecraft:interact_with_blast_furnace":1,"minecraft:walk_on_water_one_cm":14663,"minecraft:total_world_time":209975,"minecraft:interact_with_furnace":76,"minecraft:interact_with_stonecutter":3,"minecraft:sleep_in_bed":5,"minecraft:time_since_rest":4180,"minecraft:damage_dealt":11847,"minecraft:fly_one_cm":128716,"minecraft:swim_one_cm":16274,"minecraft:open_chest":127,"minecraft:crouch_one_cm":13117,"minecraft:fall_one_cm":18079},"minecraft:used":{"minecraft:azalea":4,"minecraft:moss_block":16,"minecraft:stone_sword":101,"minecraft:chest":6,"minecraft:iron_sword":56,"minecraft:stone_hoe":1,"minecraft:rotten_flesh":7,"minecraft:wooden_shovel":11,"minecraft:cooked_chicken":2,"minecraft:iron_chestplate":2,"minecraft:torch":38,"minecraft:dirt":3,"minecraft:wooden_axe":55,"minecraft:dark_oak_planks":136,"minecraft:iron_helmet":2,"minecraft:iron_boots":2,"minecraft:bow":41,"minecraft:hay_block":2,"minecraft:furnace":2,"minecraft:egg":5,"minecraft:seagrass":2,"minecraft:iron_leggings":2,"minecraft:dark_oak_sapling":1,"minecraft:wheat_seeds":175,"minecraft:cooked_mutton":3,"minecraft:water_bucket":9,"minecraft:cobblestone_stairs":14,"minecraft:stone_pickaxe":134,"minecraft:sugar_cane":83,"minecraft:stonecutter":1,"minecraft:cobblestone_slab":7,"minecraft:glow_berries":5,"minecraft:sand":10,"minecraft:crafting_table":1,"minecraft:blast_furnace":1,"minecraft:white_bed":3,"minecraft:dark_oak_fence_gate":3,"minecraft:dark_oak_door":1,"minecraft:bread":29,"minecraft:gravel":1,"minecraft:stone_axe":64,"minecraft:cobblestone":25,"minecraft:white_banner":1,"minecraft:dark_oak_fence":58,"minecraft:andesite":2,"minecraft:bucket":10,"minecraft:bone_meal":7},"minecraft:killed_by":{"solo_leveling:giga_goblin":2,"solo_leveling:centipie":1},"minecraft:picked_up":{"minecraft:seagrass":2,"minecraft:iron_chestplate":2,"minecraft:crafting_table":1,"minecraft:wheat":145,"minecraft:chicken":5,"minecraft:clay_ball":7,"minecraft:lead":9,"minecraft:string":6,"minecraft:moss_carpet":15,"minecraft:iron_leggings":3,"minecraft:azalea":9,"minecraft:iron_pickaxe":2,"minecraft:sugar_cane":256,"minecraft:iron_boots":2,"minecraft:furnace":1,"minecraft:egg":5,"minecraft:dark_oak_sapling":2,"minecraft:stick":3,"minecraft:raw_iron":40,"minecraft:torch":22,"minecraft:porkchop":7,"minecraft:diorite":5,"minecraft:dark_oak_planks":62,"minecraft:stone_sword":2,"minecraft:arrow":12,"minecraft:rotten_flesh":25,"solo_leveling:magic_crystalll":21,"minecraft:glow_berries":5,"minecraft:mutton":7,"minecraft:white_wool":4,"minecraft:cobblestone":9,"minecraft:feather":3,"minecraft:glow_ink_sac":1,"minecraft:andesite":2,"minecraft:salmon":1,"minecraft:brown_wool":1,"minecraft:gunpowder":6,"minecraft:cobblestone_stairs":3,"minecraft:dirt":6,"minecraft:white_banner":1,"minecraft:cooked_mutton":8,"minecraft:bone":6,"minecraft:bow":2,"minecraft:wheat_seeds":395,"minecraft:stone_pickaxe":2,"minecraft:iron_sword":2,"minecraft:moss_block":39,"minecraft:flowering_azalea":3,"minecraft:oak_slab":7,"minecraft:gravel":5,"minecraft:sand":13,"minecraft:white_bed":1,"minecraft:dark_oak_log":54,"minecraft:spider_eye":1,"minecraft:iron_helmet":2,"minecraft:bread":18,"minecraft:dark_oak_fence":1,"minecraft:coal":50,"minecraft:wooden_axe":1},"minecraft:dropped":{"minecraft:wheat_seeds":12,"minecraft:feather":1,"minecraft:wooden_axe":1,"minecraft:dark_oak_planks":42,"minecraft:arrow":1},"minecraft:mined":{"minecraft:dark_oak_planks":47,"minecraft:white_bed":1,"minecraft:cobblestone_stairs":3,"minecraft:dark_oak_log":55,"minecraft:cave_vines_plant":1,"minecraft:dark_oak_fence":1,"minecraft:grass_block":4,"minecraft:moss_block":12,"minecraft:furnace":1,"minecraft:iron_ore":40,"minecraft:moss_carpet":1,"minecraft:stone":5,"minecraft:podzol":1,"minecraft:oak_slab":6,"minecraft:crafting_table":1,"minecraft:torch":11,"minecraft:sugar_cane":141,"minecraft:diorite":5,"minecraft:wall_torch":10,"minecraft:wheat":148,"minecraft:grass":2,"minecraft:coal_ore":50,"minecraft:gravel":1,"minecraft:sand":23,"minecraft:dirt":1}},"DataVersion":3465}