{"stats":{"minecraft:picked_up":{"minecraft:wooden_axe":1,"minecraft:seagrass":2,"minecraft:iron_chestplate":4,"minecraft:wheat":463,"minecraft:anvil":1,"minecraft:lead":16,"solo_leveling:magic_staff":2,"minecraft:enchanted_book":2,"minecraft:stone_brick_stairs":1,"minecraft:dark_oak_pressure_plate":2,"solo_leveling:magic_crystal":173,"minecraft:string":84,"minecraft:raw_copper":103,"solo_leveling:health_necklace":2,"minecraft:iron_leggings":9,"solo_leveling:silver_spear":5,"minecraft:cobbled_deepslate":315,"minecraft:bucket":3,"minecraft:dark_oak_leaves":36,"minecraft:azalea":23,"minecraft:iron_pickaxe":10,"minecraft:furnace":1,"minecraft:iron_boots":8,"minecraft:golden_helmet":2,"minecraft:stick":10,"minecraft:big_dripleaf":3,"minecraft:oak_fence":3,"minecraft:torch":157,"minecraft:porkchop":20,"minecraft:diorite":5,"minecraft:cauldron":5,"minecraft:stone_sword":4,"solo_leveling:dark_bow":5,"minecraft:rotten_flesh":91,"minecraft:tropical_fish":2,"solo_leveling:magic_crystalll":266,"minecraft:obsidian":38,"minecraft:snowball":6,"minecraft:cobblestone":443,"minecraft:feather":10,"minecraft:iron_door":4,"minecraft:water_bucket":4,"minecraft:andesite":12,"minecraft:dark_oak_boat":4,"minecraft:brown_wool":1,"minecraft:golden_leggings":2,"minecraft:potato":1,"minecraft:flint":2,"minecraft:tuff":21,"minecraft:lapis_lazuli":276,"minecraft:dirt":454,"minecraft:bone":36,"minecraft:bow":12,"minecraft:wheat_seeds":1269,"minecraft:raw_gold":33,"solo_leveling:dragon_armor_boots":5,"solo_leveling:rune_stone":3,"minecraft:moss_block":141,"minecraft:oak_planks":12,"minecraft:oak_pressure_plate":2,"minecraft:sand":16,"minecraft:dark_oak_log":263,"minecraft:polished_andesite":2,"minecraft:diamond":10,"minecraft:granite":9,"minecraft:golden_apple":1,"minecraft:emerald":5,"minecraft:bread":145,"minecraft:dark_oak_fence":1,"minecraft:bricks":78,"minecraft:diamond_pickaxe":2,"sophisticatedbackpacks:gold_backpack":3,"minecraft:coarse_dirt":92,"minecraft:crafting_table":4,"solo_leveling:reaper":9,"minecraft:chicken":12,"minecraft:clay_ball":47,"minecraft:chest_minecart":1,"minecraft:gold_block":1,"solo_leveling:dragon_armor_chestplate":4,"minecraft:moss_carpet":43,"minecraft:iron_axe":2,"minecraft:white_carpet":69,"minecraft:iron_shovel":3,"minecraft:beef":55,"minecraft:light_gray_wool":3,"minecraft:sugar_cane":939,"minecraft:chest":3,"minecraft:egg":29,"minecraft:dark_oak_sapling":11,"minecraft:raw_iron":365,"minecraft:copper_ingot":32,"minecraft:carrot":54,"minecraft:redstone":258,"minecraft:dark_oak_planks":116,"minecraft:arrow":109,"minecraft:diamond_chestplate":4,"minecraft:hay_block":30,"sophisticatedbackpacks:copper_backpack":1,"minecraft:glow_berries":10,"minecraft:mutton":13,"minecraft:rail":1,"minecraft:white_wool":10,"minecraft:glow_ink_sac":1,"minecraft:salmon":1,"minecraft:leather":38,"minecraft:oak_log":4,"minecraft:cobblestone_wall":2,"minecraft:gunpowder":36,"minecraft:cobblestone_stairs":3,"minecraft:white_banner":1,"minecraft:cooked_mutton":8,"minecraft:red_carpet":74,"minecraft:apple":1,"minecraft:gray_carpet":6,"minecraft:iron_ingot":1,"minecraft:stone_pickaxe":2,"minecraft:iron_sword":6,"minecraft:flowering_azalea":7,"minecraft:dark_oak_stairs":7,"minecraft:book":42,"minecraft:oak_slab":7,"minecraft:pumpkin":7,"minecraft:sweet_berries":30,"minecraft:gravel":7,"minecraft:spruce_sapling":2,"minecraft:soul_torch":53,"minecraft:white_bed":1,"minecraft:spruce_log":33,"minecraft:spider_eye":4,"solo_leveling:dragon_armor_leggings":3,"minecraft:purple_bed":1,"minecraft:slime_ball":14,"minecraft:stone_axe":4,"minecraft:gray_banner":1,"solo_leveling:dragon_armor_helmet":2,"minecraft:iron_helmet":8,"minecraft:gray_wool":3,"solo_leveling:knight_killer":2,"minecraft:baked_potato":53,"minecraft:melon_seeds":5,"minecraft:black_wool":2,"minecraft:coal":219,"minecraft:ender_pearl":3},"minecraft:used":{"minecraft:moss_block":56,"minecraft:iron_shovel":93,"sophisticatedbackpacks:copper_backpack":1,"minecraft:chest":20,"minecraft:iron_sword":204,"minecraft:rotten_flesh":10,"minecraft:iron_chestplate":2,"solo_leveling:dragon_armor_leggings":1,"minecraft:carrot":33,"minecraft:axolotl_bucket":1,"minecraft:snowball":6,"minecraft:milk_bucket":2,"minecraft:lava_bucket":2,"minecraft:bricks":25,"minecraft:iron_helmet":2,"minecraft:dark_oak_leaves":36,"minecraft:dark_oak_slab":26,"minecraft:red_carpet":46,"minecraft:sweet_berries":1,"minecraft:dark_oak_boat":5,"minecraft:bow":51,"minecraft:hay_block":2,"minecraft:furnace":2,"minecraft:egg":29,"minecraft:gray_banner":1,"minecraft:seagrass":2,"minecraft:dark_oak_sapling":1,"minecraft:dark_oak_stairs":32,"minecraft:stone_pickaxe":236,"minecraft:ender_pearl":1,"minecraft:sugar_cane":84,"minecraft:white_wool":1,"minecraft:glow_berries":7,"minecraft:sand":13,"minecraft:blast_furnace":1,"minecraft:shears":37,"minecraft:bread":143,"minecraft:gravel":1,"minecraft:golden_helmet":1,"minecraft:soul_lantern":2,"minecraft:dark_oak_fence":58,"minecraft:andesite":6,"minecraft:bone_meal":7,"minecraft:azalea":4,"minecraft:stone_sword":101,"minecraft:wooden_shovel":11,"minecraft:cooked_chicken":8,"minecraft:stone_hoe":1,"solo_leveling:dragon_armor_chestplate":1,"minecraft:torch":257,"minecraft:dirt":19,"minecraft:anvil":2,"minecraft:white_carpet":67,"minecraft:granite":7,"minecraft:dark_oak_planks":367,"minecraft:wooden_axe":114,"minecraft:bookshelf":4,"minecraft:iron_axe":277,"minecraft:brick_stairs":16,"minecraft:iron_boots":2,"minecraft:melon_seeds":2,"minecraft:cobbled_deepslate":60,"minecraft:pumpkin":7,"solo_leveling:silver_spear":193,"minecraft:iron_leggings":2,"minecraft:wheat_seeds":486,"minecraft:cooked_mutton":10,"minecraft:water_bucket":86,"minecraft:cobblestone_stairs":14,"minecraft:baked_potato":2,"minecraft:cauldron":3,"minecraft:stonecutter":1,"minecraft:cobblestone_slab":7,"minecraft:crafting_table":5,"minecraft:white_bed":3,"minecraft:dark_oak_fence_gate":3,"minecraft:dark_oak_door":1,"minecraft:diamond_pickaxe":300,"solo_leveling:reaper":1075,"minecraft:chicken":1,"minecraft:iron_pickaxe":1292,"minecraft:spruce_sapling":1,"minecraft:golden_leggings":1,"minecraft:stone_axe":175,"minecraft:cobblestone":258,"minecraft:purple_bed":1,"minecraft:porkchop":2,"minecraft:white_banner":1,"minecraft:cooked_porkchop":1,"minecraft:bucket":100,"minecraft:glass_pane":55,"minecraft:soul_torch":5},"minecraft:killed_by":{"solo_leveling:goblin_2":1,"minecraft:zombie":1,"solo_leveling:igris":1,"minecraft:player":1,"solo_leveling:hobgoblin_assassin":3,"solo_leveling:giga_goblin":3,"solo_leveling:centipie":2},"minecraft:mined":{"minecraft:white_bed":1,"minecraft:cobblestone_stairs":3,"minecraft:carved_pumpkin":1,"minecraft:obsidian":14,"minecraft:cave_vines_plant":4,"minecraft:granite":17,"minecraft:grass_block":5,"minecraft:spawner":5,"minecraft:iron_ore":211,"minecraft:fire":160,"minecraft:pumpkin":7,"minecraft:moss_carpet":3,"minecraft:deepslate_lapis_ore":30,"minecraft:anvil":1,"minecraft:dark_oak_stairs":7,"minecraft:cave_vines":2,"solo_leveling:magic_crystal":140,"minecraft:azalea":9,"sophisticatedbackpacks:copper_backpack":1,"minecraft:deepslate_redstone_ore":49,"minecraft:soul_wall_torch":1,"minecraft:clay":10,"minecraft:torch":27,"minecraft:chest":3,"minecraft:cobblestone":29,"minecraft:sugar_cane":489,"minecraft:oak_planks":12,"minecraft:iron_door":4,"minecraft:wall_torch":29,"minecraft:cauldron":5,"minecraft:wheat":488,"minecraft:stone_brick_stairs":1,"minecraft:grass":39,"minecraft:oak_log":5,"minecraft:beetroots":1,"minecraft:dark_oak_sapling":1,"minecraft:sand":26,"minecraft:dirt":153,"minecraft:oak_leaves":1,"minecraft:deepslate":154,"minecraft:diamond_ore":1,"minecraft:red_carpet":71,"minecraft:tuff":23,"minecraft:dark_oak_leaves":48,"minecraft:deepslate_diamond_ore":9,"minecraft:dark_oak_log":264,"minecraft:dark_oak_pressure_plate":2,"minecraft:dark_oak_fence":1,"minecraft:spruce_leaves":55,"minecraft:moss_block":133,"minecraft:large_fern":2,"minecraft:hay_block":30,"minecraft:redstone_ore":8,"minecraft:furnace":1,"minecraft:carrots":23,"minecraft:snow":6,"minecraft:gray_wall_banner":1,"minecraft:andesite":12,"minecraft:gold_block":1,"minecraft:bookshelf":14,"minecraft:potatoes":4,"minecraft:deepslate_iron_ore":161,"minecraft:cobblestone_slab":2,"minecraft:vine":4,"minecraft:stone":412,"minecraft:podzol":1,"minecraft:oak_slab":6,"minecraft:glass_pane":7,"minecraft:oak_fence":4,"minecraft:crafting_table":1,"minecraft:copper_ore":30,"minecraft:tall_grass":14,"minecraft:deepslate_coal_ore":4,"minecraft:lapis_ore":16,"minecraft:deepslate_gold_ore":30,"minecraft:diorite":5,"minecraft:big_dripleaf":1,"minecraft:birch_planks":1,"minecraft:coarse_dirt":33,"minecraft:cobblestone_wall":1,"minecraft:sweet_berry_bush":10,"minecraft:spruce_log":33,"minecraft:white_carpet":69,"minecraft:coal_ore":221,"minecraft:gravel":5,"minecraft:gray_carpet":6,"minecraft:cobweb":52,"minecraft:polished_andesite":2,"minecraft:gold_ore":3,"minecraft:fern":5,"minecraft:dark_oak_planks":88},"minecraft:broken":{"minecraft:stone_pickaxe":2,"minecraft:stone_axe":2,"minecraft:wooden_axe":2,"minecraft:iron_axe":1,"minecraft:iron_pickaxe":5},"minecraft:custom":{"minecraft:animals_bred":13,"minecraft:interact_with_crafting_table":165,"minecraft:bell_ring":13,"minecraft:leave_game":38,"minecraft:time_since_death":52430,"minecraft:sprint_one_cm":1879053,"minecraft:drop":127,"minecraft:talked_to_villager":8,"minecraft:play_time":1170350,"minecraft:deaths":16,"minecraft:jump":8314,"minecraft:interact_with_brewingstand":1,"minecraft:walk_on_water_one_cm":143098,"minecraft:interact_with_furnace":151,"minecraft:sleep_in_bed":30,"minecraft:damage_dealt":67698,"minecraft:crouch_one_cm":57695,"minecraft:use_cauldron":1,"minecraft:interact_with_anvil":4,"minecraft:mob_kills":505,"minecraft:fill_cauldron":3,"minecraft:climb_one_cm":15741,"minecraft:walk_one_cm":5807672,"minecraft:sneak_time":20738,"minecraft:walk_under_water_one_cm":81384,"minecraft:boat_one_cm":270185,"minecraft:interact_with_blast_furnace":60,"minecraft:total_world_time":1170350,"minecraft:interact_with_stonecutter":3,"minecraft:time_since_rest":9853,"minecraft:swim_one_cm":51426,"minecraft:fly_one_cm":1036564,"minecraft:open_chest":790,"minecraft:fall_one_cm":161589},"minecraft:dropped":{"minecraft:iron_sword":1,"minecraft:moss_block":16,"minecraft:baked_potato":30,"solo_leveling:dark_bow":4,"minecraft:diamond":2,"minecraft:rail":1,"minecraft:red_carpet":6,"sophisticatedbackpacks:gold_backpack":1,"solo_leveling:dragon_armor_boots":2,"minecraft:mutton":2,"solo_leveling:reaper":2,"minecraft:iron_pickaxe":2,"minecraft:dark_oak_planks":42,"minecraft:dark_oak_boat":1,"minecraft:stone_axe":1,"minecraft:obsidian":4,"minecraft:rotten_flesh":10,"minecraft:oak_planks":2,"minecraft:gunpowder":7,"solo_leveling:dragon_armor_chestplate":1,"minecraft:melon_seeds":2,"minecraft:azalea":1,"minecraft:chest":1,"minecraft:arrow":80,"minecraft:stone_brick_stairs":1,"minecraft:bread":4,"minecraft:wheat_seeds":15,"minecraft:feather":3,"minecraft:oak_fence":2,"minecraft:cobblestone":5,"minecraft:book":1,"minecraft:stick":3,"solo_leveling:magic_staff":1,"minecraft:torch":9,"minecraft:wooden_axe":1,"minecraft:string":8,"minecraft:music_disc_cat":1,"solo_leveling:rune_stone":2,"solo_leveling:knight_killer":1,"minecraft:moss_carpet":2,"minecraft:stone_sword":2,"minecraft:white_carpet":1,"minecraft:clay_ball":8,"minecraft:big_dripleaf":3,"minecraft:potato":7,"minecraft:spider_eye":1,"minecraft:bow":7,"solo_leveling:health_necklace":1},"minecraft:killed":{"minecraft:cave_spider":2,"minecraft:spider":27,"minecraft:skeleton":54,"solo_leveling:hobgoblin_assassin":2,"minecraft:chicken":13,"solo_leveling:spider_boss":3,"solo_leveling:boss_golem":3,"solo_leveling:hobgoblin_bomber":1,"minecraft:turtle":2,"solo_leveling:golem":10,"solo_leveling:giga_goblin":4,"minecraft:pig":10,"solo_leveling:ice_bear":3,"solo_leveling:steel_fang":2,"minecraft:zombie_villager":1,"minecraft:salmon":1,"solo_leveling:goblin_2":56,"minecraft:creeper":35,"minecraft:sheep":9,"minecraft:trader_llama":5,"minecraft:pillager":2,"minecraft:zombie":74,"solo_leveling:goblin":62,"minecraft:cow":30,"solo_leveling:hobgoblin_club":2,"minecraft:allay":6,"minecraft:vindicator":9,"minecraft:slime":18,"minecraft:phantom":2,"minecraft:drowned":2,"minecraft:bat":4,"minecraft:wandering_trader":3,"solo_leveling:serpent":2,"solo_leveling:ice_elf":1,"minecraft:enderman":2},"minecraft:crafted":{"minecraft:brick":279,"minecraft:smooth_stone":18,"minecraft:oak_planks":16,"minecraft:dark_oak_boat":2,"minecraft:cooked_chicken":8,"minecraft:stone":44,"sophisticatedbackpacks:crafting_upgrade":1,"minecraft:bookshelf":15,"minecraft:cooked_mutton":10,"minecraft:dark_oak_door":3,"minecraft:iron_boots":1,"sophisticatedbackpacks:copper_backpack":1,"minecraft:chest":21,"minecraft:copper_block":8,"minecraft:bricks":63,"minecraft:wooden_shovel":1,"sophisticatedbackpacks:backpack":1,"minecraft:cooked_porkchop":18,"minecraft:crafting_table":4,"minecraft:spruce_planks":4,"minecraft:iron_helmet":1,"minecraft:baked_potato":2,"minecraft:copper_ingot":95,"minecraft:hay_block":2,"sophisticatedbackpacks:upgrade_base":2,"minecraft:dark_oak_slab":36,"minecraft:iron_chestplate":1,"minecraft:book":24,"minecraft:paper":363,"minecraft:diamond_pickaxe":1,"minecraft:stick":56,"minecraft:iron_ingot":381,"minecraft:iron_pickaxe":4,"minecraft:iron_block":10,"minecraft:stone_sword":1,"minecraft:gold_ingot":42,"minecraft:dark_oak_fence_gate":3,"minecraft:shears":1,"minecraft:iron_nugget":9,"minecraft:brick_stairs":16,"sophisticatedbackpacks:stack_upgrade_tier_1":1,"minecraft:furnace":2,"minecraft:blast_furnace":1,"sophisticatedbackpacks:stack_upgrade_starter_tier":1,"minecraft:bone_meal":15,"minecraft:glass_pane":64,"minecraft:dark_oak_fence":57,"minecraft:iron_axe":2,"minecraft:stone_pickaxe":2,"minecraft:dark_oak_planks":620,"sophisticatedbackpacks:iron_backpack":1,"minecraft:wheat":270,"minecraft:cooked_beef":47,"minecraft:coal_block":5,"minecraft:dark_oak_stairs":40,"minecraft:iron_sword":1,"sophisticatedbackpacks:gold_backpack":1,"minecraft:bucket":2,"minecraft:stone_axe":1,"minecraft:bread":222,"minecraft:air":0,"minecraft:soul_lantern":2,"minecraft:white_wool":1,"minecraft:wooden_axe":3,"minecraft:iron_shovel":1,"minecraft:iron_leggings":1,"minecraft:stonecutter":1,"minecraft:anvil":1,"minecraft:white_bed":2,"minecraft:torch":212}},"DataVersion":3465}