{"stats":{"minecraft:broken":{"minecraft:stone_pickaxe":2,"minecraft:stone_axe":1,"minecraft:wooden_axe":1},"minecraft:crafted":{"minecraft:brick":87,"minecraft:smooth_stone":18,"minecraft:dark_oak_boat":1,"minecraft:cooked_chicken":5,"minecraft:furnace":2,"minecraft:blast_furnace":1,"minecraft:stone":44,"minecraft:bone_meal":15,"minecraft:cooked_mutton":7,"minecraft:dark_oak_door":3,"minecraft:dark_oak_fence":57,"minecraft:iron_boots":1,"minecraft:chest":6,"minecraft:bricks":15,"minecraft:dark_oak_planks":296,"minecraft:coal_block":5,"minecraft:wooden_shovel":1,"minecraft:cooked_porkchop":7,"minecraft:iron_helmet":1,"minecraft:iron_sword":1,"minecraft:bucket":1,"minecraft:hay_block":2,"minecraft:bread":35,"minecraft:air":0,"minecraft:white_wool":1,"minecraft:iron_chestplate":1,"minecraft:paper":171,"minecraft:stick":4,"minecraft:iron_ingot":40,"minecraft:wooden_axe":2,"minecraft:iron_leggings":1,"minecraft:stonecutter":1,"minecraft:white_bed":2,"minecraft:dark_oak_fence_gate":3,"minecraft:torch":8},"minecraft:killed":{"minecraft:spider":7,"minecraft:phantom":1,"minecraft:skeleton":9,"minecraft:chicken":7,"solo_leveling:spider_boss":1,"minecraft:turtle":2,"solo_leveling:giga_goblin":1,"minecraft:pig":6,"minecraft:zombie_villager":1,"minecraft:salmon":1,"solo_leveling:goblin_2":19,"minecraft:creeper":4,"minecraft:sheep":7,"minecraft:pillager":2,"minecraft:zombie":20,"solo_leveling:goblin":23},"minecraft:custom":{"minecraft:mob_kills":111,"minecraft:animals_bred":4,"minecraft:interact_with_crafting_table":57,"minecraft:leave_game":4,"minecraft:time_since_death":40142,"minecraft:climb_one_cm":450,"minecraft:sprint_one_cm":511830,"minecraft:walk_one_cm":1309189,"minecraft:drop":17,"minecraft:play_time":245975,"minecraft:deaths":4,"minecraft:sneak_time":6435,"minecraft:walk_under_water_one_cm":5983,"minecraft:jump":1537,"minecraft:interact_with_blast_furnace":1,"minecraft:walk_on_water_one_cm":14663,"minecraft:total_world_time":245975,"minecraft:interact_with_furnace":79,"minecraft:interact_with_stonecutter":3,"minecraft:sleep_in_bed":7,"minecraft:time_since_rest":1146,"minecraft:damage_dealt":15390,"minecraft:fly_one_cm":162666,"minecraft:swim_one_cm":16274,"minecraft:open_chest":137,"minecraft:crouch_one_cm":19197,"minecraft:fall_one_cm":21125},"minecraft:used":{"minecraft:azalea":4,"minecraft:moss_block":16,"minecraft:stone_sword":101,"minecraft:chest":6,"minecraft:iron_sword":81,"minecraft:stone_hoe":1,"minecraft:rotten_flesh":7,"minecraft:wooden_shovel":11,"minecraft:cooked_chicken":2,"minecraft:iron_chestplate":2,"minecraft:torch":38,"minecraft:dirt":3,"minecraft:wooden_axe":55,"minecraft:dark_oak_planks":136,"minecraft:iron_helmet":2,"minecraft:iron_boots":2,"minecraft:bow":50,"minecraft:hay_block":2,"minecraft:sweet_berries":1,"minecraft:furnace":2,"minecraft:egg":7,"minecraft:pumpkin":7,"minecraft:seagrass":2,"minecraft:iron_leggings":2,"minecraft:dark_oak_sapling":1,"minecraft:wheat_seeds":194,"minecraft:cooked_mutton":7,"minecraft:water_bucket":9,"minecraft:cobblestone_stairs":14,"minecraft:stone_pickaxe":140,"minecraft:sugar_cane":83,"minecraft:stonecutter":1,"minecraft:cobblestone_slab":7,"minecraft:glow_berries":5,"minecraft:sand":10,"minecraft:crafting_table":1,"minecraft:blast_furnace":1,"minecraft:white_bed":3,"minecraft:dark_oak_fence_gate":3,"minecraft:dark_oak_door":1,"solo_leveling:reaper":103,"minecraft:bread":36,"minecraft:iron_pickaxe":74,"minecraft:gravel":1,"minecraft:stone_axe":64,"minecraft:cobblestone":25,"minecraft:white_banner":1,"minecraft:dark_oak_fence":58,"minecraft:andesite":2,"minecraft:bucket":10,"minecraft:bone_meal":7},"minecraft:killed_by":{"solo_leveling:giga_goblin":2,"solo_leveling:centipie":1},"minecraft:picked_up":{"minecraft:seagrass":2,"minecraft:iron_chestplate":2,"minecraft:crafting_table":1,"minecraft:wheat":164,"minecraft:chicken":7,"minecraft:clay_ball":7,"minecraft:lead":11,"solo_leveling:magic_crystal":23,"minecraft:string":7,"minecraft:moss_carpet":15,"minecraft:iron_leggings":3,"minecraft:azalea":9,"minecraft:iron_pickaxe":2,"minecraft:sugar_cane":290,"minecraft:iron_boots":2,"minecraft:furnace":1,"minecraft:egg":7,"minecraft:dark_oak_sapling":2,"minecraft:stick":3,"minecraft:raw_iron":40,"minecraft:torch":22,"minecraft:porkchop":12,"minecraft:diorite":5,"minecraft:dark_oak_planks":62,"minecraft:stone_sword":2,"minecraft:arrow":13,"minecraft:rotten_flesh":25,"solo_leveling:magic_crystalll":47,"minecraft:glow_berries":5,"minecraft:mutton":10,"minecraft:white_wool":6,"minecraft:cobblestone":12,"minecraft:feather":5,"minecraft:glow_ink_sac":1,"minecraft:andesite":2,"minecraft:salmon":1,"minecraft:brown_wool":1,"minecraft:gunpowder":6,"minecraft:cobblestone_stairs":3,"minecraft:dirt":6,"minecraft:white_banner":1,"minecraft:cooked_mutton":8,"minecraft:bone":7,"minecraft:bow":2,"minecraft:wheat_seeds":446,"minecraft:stone_pickaxe":2,"minecraft:iron_sword":2,"minecraft:moss_block":39,"minecraft:flowering_azalea":3,"minecraft:oak_slab":7,"minecraft:pumpkin":7,"minecraft:sweet_berries":30,"minecraft:gravel":5,"minecraft:sand":13,"minecraft:white_bed":1,"minecraft:dark_oak_log":54,"minecraft:spider_eye":1,"minecraft:iron_helmet":2,"minecraft:bread":18,"minecraft:dark_oak_fence":1,"minecraft:coal":85,"minecraft:wooden_axe":1},"minecraft:dropped":{"minecraft:wheat_seeds":12,"minecraft:feather":1,"minecraft:wooden_axe":1,"minecraft:dark_oak_planks":42,"minecraft:arrow":1},"minecraft:mined":{"minecraft:dark_oak_planks":47,"minecraft:white_bed":1,"minecraft:cobblestone_stairs":3,"minecraft:dark_oak_log":55,"minecraft:cave_vines_plant":1,"minecraft:dark_oak_fence":1,"minecraft:grass_block":4,"minecraft:spruce_leaves":23,"minecraft:moss_block":12,"minecraft:large_fern":1,"minecraft:furnace":1,"minecraft:iron_ore":40,"minecraft:pumpkin":7,"minecraft:moss_carpet":1,"solo_leveling:magic_crystal":23,"minecraft:stone":8,"minecraft:podzol":1,"minecraft:oak_slab":6,"minecraft:crafting_table":1,"minecraft:torch":11,"minecraft:sugar_cane":158,"minecraft:diorite":5,"minecraft:wall_torch":10,"minecraft:sweet_berry_bush":10,"minecraft:wheat":167,"minecraft:grass":2,"minecraft:coal_ore":85,"minecraft:gravel":1,"minecraft:sand":23,"minecraft:dirt":1,"minecraft:cobweb":1,"minecraft:fern":1}},"DataVersion":3465}